SetEntrenamiento,SetTesting,Resultados,MÃ©todo,Vecinos,Numero de iteraciones,Alfa,Epsilon,Tiempo,Accuracy,p0,p1,p2,p3,p4,p5,p6,p7,p8,p9,r0,r1,r2,r3,r4,r5,r6,r7,r8,r9
./Data/5_fold-SET-1-train.csv,./Data/5_fold-SET-1-validate.csv,./resultados/5_fold-SET-1-1-vecinos-resultados.csv,0,1,,,,288429.0,0.9173809523809524,0.9427,0.9454,0.9648,0.9365,0.8827,0.8886,0.9088,0.9024,0.9181,0.8876,0.9523,0.8993,0.9169,0.8921,0.9268,0.902,0.9656,0.9556,0.8675,0.8897
./Data/5_fold-SET-2-train.csv,./Data/5_fold-SET-2-validate.csv,./resultados/5_fold-SET-2-1-vecinos-resultados.csv,0,1,,,,288061.0,0.9255952380952381,0.9341,0.9336,0.9554,0.9526,0.8993,0.9144,0.9337,0.8968,0.9526,0.8924,0.9786,0.8868,0.9177,0.9073,0.9332,0.9299,0.9533,0.9631,0.8785,0.9135
./Data/5_fold-SET-3-train.csv,./Data/5_fold-SET-3-validate.csv,./resultados/5_fold-SET-3-1-vecinos-resultados.csv,0,1,,,,287800.0,0.9235714285714286,0.9424,0.9393,0.9548,0.9527,0.8915,0.899,0.9164,0.9039,0.9469,0.8903,0.9703,0.9153,0.9222,0.8876,0.961,0.9142,0.9599,0.9447,0.8591,0.8986
./Data/5_fold-SET-4-train.csv,./Data/5_fold-SET-4-validate.csv,./resultados/5_fold-SET-4-1-vecinos-resultados.csv,0,1,,,,287990.0,0.9269047619047619,0.9313,0.9447,0.9713,0.9476,0.9155,0.8959,0.9159,0.8972,0.937,0.9147,0.9756,0.9018,0.9073,0.9065,0.948,0.8995,0.9676,0.9685,0.8929,0.9049
./Data/5_fold-SET-5-train.csv,./Data/5_fold-SET-5-validate.csv,./resultados/5_fold-SET-5-1-vecinos-resultados.csv,0,1,,,,290389.0,0.9166666666666666,0.9298,0.9403,0.9498,0.9361,0.8778,0.8698,0.9252,0.9122,0.9321,0.8928,0.9697,0.8972,0.9226,0.8846,0.9475,0.9076,0.9617,0.9489,0.8547,0.8773
./Data/5_fold-SET-1-train.csv,./Data/5_fold-SET-1-validate.csv,./resultados/5_fold-SET-1-51-vecinos-resultados.csv,0,51,,,,302249.0,0.9053571428571427,0.9056,0.8606,0.9657,0.9491,0.9391,0.898,0.8796,0.8995,0.9347,0.8576,0.9364,0.9692,0.8375,0.8849,0.9207,0.8957,0.9411,0.9344,0.8084,0.9029
./Data/5_fold-SET-1-train.csv,./Data/5_fold-SET-1-validate.csv,./resultados/5_fold-SET-1-101-vecinos-resultados.csv,0,101,,,,18183.1,0.838,0.8543,0.6697,0.9568,0.9458,0.9123,0.8688,0.7941,0.8767,0.9197,0.7581,0.8854,0.9779,0.6951,0.8458,0.7919,0.8129,0.8757,0.9231,0.6702,0.8907
./Data/5_fold-SET-1-train.csv,./Data/5_fold-SET-1-validate.csv,./resultados/5_fold-SET-1-151-vecinos-resultados.csv,0,151,,,,18964.2,0.821,0.8497,0.6289,0.9613,0.94,0.9096,0.8395,0.7854,0.867,0.9231,0.7431,0.8542,0.9823,0.6682,0.8282,0.7665,0.7953,0.8703,0.9087,0.6383,0.8852
./Data/5_fold-SET-1-train.csv,./Data/5_fold-SET-1-validate.csv,./resultados/5_fold-SET-1-201-vecinos-resultados.csv,0,201,,,,19735.4,0.802,0.8482,0.5936,0.9536,0.9231,0.9024,0.8322,0.7794,0.8624,0.9,0.7143,0.8438,0.9823,0.6457,0.793,0.7513,0.7251,0.8595,0.9038,0.6223,0.8743
./Data/5_fold-SET-1-train.csv,./Data/5_fold-SET-1-validate.csv,./resultados/5_fold-SET-1-251-vecinos-resultados.csv,0,251,,,,20410.4,0.7895,0.8466,0.5674,0.9524,0.9128,0.9018,0.8392,0.7549,0.8692,0.896,0.7004,0.8333,0.9867,0.6278,0.7841,0.7462,0.7018,0.8324,0.8942,0.5957,0.8689
./Data/5_fold-SET-1-train.csv,./Data/5_fold-SET-1-validate.csv,./resultados/5_fold-SET-1-301-vecinos-resultados.csv,0,301,,,,21135.7,0.771,0.8511,0.5359,0.9504,0.9101,0.8846,0.8357,0.7451,0.8578,0.8843,0.6767,0.8333,0.9912,0.6009,0.7577,0.7005,0.6842,0.8216,0.8702,0.5691,0.8579
./Data/5_fold-SET-1-train.csv,./Data/5_fold-SET-1-validate.csv,./resultados/5_fold-SET-1-351-vecinos-resultados.csv,0,351,,,,21826.9,0.7635,0.8548,0.5197,0.9496,0.914,0.8954,0.8214,0.7389,0.8571,0.8803,0.6681,0.8281,0.9912,0.5919,0.7489,0.6954,0.6725,0.8108,0.8654,0.5479,0.8579
./Data/5_fold-SET-1-train.csv,./Data/5_fold-SET-1-validate.csv,./resultados/5_fold-SET-1-401-vecinos-resultados.csv,0,401,,,,22550.1,0.754,0.8587,0.4989,0.9562,0.9016,0.8839,0.8258,0.7374,0.8451,0.8793,0.6695,0.8229,0.9912,0.5874,0.7269,0.6954,0.6374,0.7892,0.8654,0.5426,0.8525
./Data/5_fold-SET-1-train.csv,./Data/5_fold-SET-1-validate.csv,./resultados/5_fold-SET-1-451-vecinos-resultados.csv,0,451,,,,23290.2,0.738,0.8541,0.4786,0.9549,0.8977,0.8645,0.8264,0.7333,0.838,0.8435,0.6525,0.8229,0.9912,0.5695,0.696,0.6802,0.5848,0.773,0.8702,0.516,0.8415
./Data/5_fold-SET-1-train.csv,./Data/5_fold-SET-1-validate.csv,./resultados/5_fold-SET-1-501-vecinos-resultados.csv,0,501,,,,24014.8,0.728,0.8634,0.4628,0.9538,0.8722,0.8618,0.8304,0.7382,0.8491,0.819,0.6375,0.8229,0.9912,0.5561,0.6916,0.665,0.5439,0.7622,0.8654,0.5053,0.8361
./Data/5_fold-SET-1-train.csv,./Data/5_fold-SET-1-validate.csv,./resultados/5_fold-SET-1-551-vecinos-resultados.csv,0,551,,,,24786.5,0.719,0.8579,0.4516,0.9516,0.8659,0.8667,0.8318,0.7354,0.8443,0.8051,0.6281,0.8177,0.9912,0.5291,0.6828,0.6599,0.5205,0.7514,0.8606,0.5053,0.8306
./Data/5_fold-SET-1-train.csv,./Data/5_fold-SET-1-validate.csv,./resultados/5_fold-SET-1-601-vecinos-resultados.csv,0,601,,,,25499.3,0.7105,0.8571,0.4401,0.9504,0.8539,0.8716,0.8235,0.7249,0.8318,0.8174,0.6281,0.8125,0.9912,0.5157,0.6696,0.6548,0.4912,0.7405,0.8558,0.5,0.8306
./Data/5_fold-SET-1-train.csv,./Data/5_fold-SET-1-validate.csv,./resultados/5_fold-SET-1-651-vecinos-resultados.csv,0,651,,,,26237.9,0.702,0.8659,0.4308,0.9492,0.8251,0.8667,0.8144,0.7143,0.8302,0.8198,0.6266,0.8073,0.9912,0.5022,0.6652,0.6599,0.462,0.7297,0.8462,0.484,0.8251
./Data/5_fold-SET-1-train.csv,./Data/5_fold-SET-1-validate.csv,./resultados/5_fold-SET-1-701-vecinos-resultados.csv,0,701,,,,26983.2,0.697,0.8667,0.4234,0.9478,0.8207,0.8591,0.8152,0.7204,0.8271,0.8273,0.6183,0.8125,0.9912,0.4888,0.6652,0.6497,0.4386,0.7243,0.851,0.484,0.8142
./Data/5_fold-SET-1-train.csv,./Data/5_fold-SET-1-validate.csv,./resultados/5_fold-SET-1-751-vecinos-resultados.csv,0,751,,,,27774.2,0.6875,0.8701,0.4125,0.9545,0.8066,0.8514,0.8111,0.7189,0.8216,0.8198,0.6116,0.8021,0.9912,0.4709,0.6432,0.6396,0.4269,0.7189,0.8413,0.484,0.8087
./Data/5_fold-SET-1-train.csv,./Data/5_fold-SET-1-validate.csv,./resultados/5_fold-SET-1-801-vecinos-resultados.csv,0,801,,,,28480.4,0.6825,0.8693,0.4058,0.9545,0.8066,0.8523,0.7978,0.7198,0.8246,0.8148,0.6033,0.7969,0.9912,0.4709,0.6432,0.6447,0.4152,0.7081,0.8365,0.4681,0.7978
./Data/5_fold-SET-1-train.csv,./Data/5_fold-SET-1-validate.csv,./resultados/5_fold-SET-1-851-vecinos-resultados.csv,0,851,,,,29312.6,0.674,0.8736,0.3965,0.9537,0.8068,0.8611,0.8,0.7158,0.8131,0.8173,0.587,0.7917,0.9912,0.4619,0.6256,0.6294,0.3977,0.7081,0.8365,0.4521,0.7923
./Data/5_fold-SET-1-train.csv,./Data/5_fold-SET-1-validate.csv,./resultados/5_fold-SET-1-901-vecinos-resultados.csv,0,901,,,,30078.7,0.6705,0.8686,0.3902,0.9541,0.8114,0.8542,0.8049,0.7127,0.8169,0.82,0.587,0.7917,0.9912,0.4664,0.6256,0.6244,0.386,0.6973,0.8365,0.4362,0.7923
./Data/5_fold-SET-1-train.csv,./Data/5_fold-SET-1-validate.csv,./resultados/5_fold-SET-1-951-vecinos-resultados.csv,0,951,,,,30870.9,0.663,0.8721,0.381,0.9541,0.8035,0.8511,0.8205,0.7151,0.814,0.81,0.5755,0.7812,0.9912,0.4664,0.6123,0.6091,0.3743,0.6919,0.8413,0.4309,0.7705
./Data/5_fold-SET-1-train.csv,./Data/5_fold-SET-1-validate.csv,./resultados/5_fold-SET-1-1001-vecinos-resultados.csv,0,1001,,,,31659.1,0.655,0.8706,0.3746,0.9444,0.7976,0.8561,0.7763,0.7151,0.8131,0.8081,0.5703,0.7708,0.9912,0.4574,0.5903,0.6041,0.345,0.6919,0.8365,0.4255,0.776
./Data/5_fold-SET-1-train.csv,./Data/5_fold-SET-1-validate.csv,./resultados/5_fold-SET-1-1051-vecinos-resultados.csv,0,1051,,,,32479.3,0.6515,0.8765,0.3696,0.945,0.7929,0.854,0.7808,0.7159,0.814,0.8041,0.5645,0.776,0.9912,0.4619,0.5903,0.5939,0.3333,0.6811,0.8413,0.4149,0.765
./Data/5_fold-SET-1-train.csv,./Data/5_fold-SET-1-validate.csv,./resultados/5_fold-SET-1-1101-vecinos-resultados.csv,0,1101,,,,33261.4,0.6445,0.875,0.363,0.9434,0.7824,0.8417,0.8,0.7086,0.8148,0.7957,0.561,0.7656,0.9912,0.4484,0.5859,0.5939,0.3275,0.6703,0.8462,0.3936,0.7541
./Data/5_fold-SET-1-train.csv,./Data/5_fold-SET-1-validate.csv,./resultados/5_fold-SET-1-1151-vecinos-resultados.csv,0,1151,,,,34063.6,0.641,0.8802,0.3573,0.9434,0.7719,0.8467,0.8088,0.7093,0.8178,0.809,0.5582,0.7656,0.9912,0.4484,0.5815,0.5888,0.3216,0.6595,0.8413,0.383,0.7596
./Data/5_fold-SET-1-train.csv,./Data/5_fold-SET-1-validate.csv,./resultados/5_fold-SET-1-1201-vecinos-resultados.csv,0,1201,,,,34816.8,0.6335,0.8848,0.3516,0.9434,0.7665,0.837,0.791,0.7035,0.8224,0.7955,0.5462,0.7604,0.9912,0.4484,0.5639,0.5736,0.3099,0.6541,0.8462,0.3723,0.7432
./Data/5_fold-SET-1-train.csv,./Data/5_fold-SET-1-validate.csv,./resultados/5_fold-SET-1-1251-vecinos-resultados.csv,0,1251,,,,35574.0,0.627,0.8841,0.3436,0.9412,0.7636,0.8346,0.7969,0.7018,0.8294,0.7931,0.5458,0.7552,0.9912,0.4305,0.5551,0.5635,0.2982,0.6486,0.8413,0.367,0.7486
./Data/5_fold-SET-1-train.csv,./Data/5_fold-SET-1-validate.csv,./resultados/5_fold-SET-1-1301-vecinos-resultados.csv,0,1301,,,,36359.7,0.6205,0.8727,0.3389,0.94,0.75,0.8321,0.8545,0.6919,0.8216,0.7907,0.5422,0.75,0.9912,0.4215,0.5551,0.5533,0.2749,0.6432,0.8413,0.3617,0.7377
./Data/5_fold-SET-1-train.csv,./Data/5_fold-SET-1-validate.csv,./resultados/5_fold-SET-1-1351-vecinos-resultados.csv,0,1351,,,,37204.6,0.6175,0.8834,0.3328,0.9381,0.7561,0.8321,0.8519,0.6901,0.8294,0.7907,0.544,0.75,0.9912,0.4081,0.5463,0.5533,0.269,0.6378,0.8413,0.3617,0.7432
./Data/5_fold-SET-1-train.csv,./Data/5_fold-SET-1-validate.csv,./resultados/5_fold-SET-1-1401-vecinos-resultados.csv,0,1401,,,,38021.5,0.6125,0.8827,0.3289,0.9375,0.7654,0.8425,0.84,0.6821,0.8208,0.8072,0.5354,0.7448,0.9912,0.4036,0.5463,0.5431,0.2456,0.6378,0.8365,0.3564,0.7432
./Data/5_fold-SET-1-train.csv,./Data/5_fold-SET-1-validate.csv,./resultados/5_fold-SET-1-1451-vecinos-resultados.csv,0,1451,,,,38786.7,0.6025,0.8805,0.3209,0.9451,0.7643,0.8308,0.8,0.6905,0.8037,0.8049,0.5299,0.7292,0.9912,0.3857,0.5286,0.5482,0.2339,0.627,0.8269,0.3511,0.7268
./Data/5_fold-SET-1-train.csv,./Data/5_fold-SET-1-validate.csv,./resultados/5_fold-SET-1-1501-vecinos-resultados.csv,0,1501,,,,39573.9,0.598,0.8861,0.3182,0.9451,0.7564,0.8281,0.8125,0.6788,0.8009,0.8025,0.5257,0.7292,0.9912,0.3857,0.5198,0.5381,0.2281,0.6054,0.8317,0.3457,0.7268
./Data/5_fold-SET-1-train.csv,./Data/5_fold-SET-1-validate.csv,./resultados/5_fold-SET-1-1551-vecinos-resultados.csv,0,1551,,,,40359.0,0.59,0.8861,0.3115,0.9444,0.7532,0.8254,0.8333,0.6748,0.8037,0.7922,0.5175,0.7292,0.9912,0.3812,0.511,0.5279,0.2047,0.5946,0.8269,0.3245,0.7268
./Data/5_fold-SET-1-train.csv,./Data/5_fold-SET-1-validate.csv,./resultados/5_fold-SET-1-1601-vecinos-resultados.csv,0,1601,,,,41232.1,0.584,0.8839,0.3064,0.9545,0.7551,0.8226,0.8222,0.6627,0.8113,0.7867,0.5136,0.7135,0.9912,0.3767,0.489,0.5178,0.2164,0.5946,0.8269,0.3138,0.7213
./Data/5_fold-SET-1-train.csv,./Data/5_fold-SET-1-validate.csv,./resultados/5_fold-SET-1-1651-vecinos-resultados.csv,0,1651,,,,41991.3,0.574,0.8824,0.2991,0.9425,0.7379,0.8167,0.7907,0.6646,0.8152,0.7857,0.5116,0.7031,0.9912,0.3677,0.4714,0.4975,0.1988,0.5892,0.8269,0.2926,0.7213
./Data/5_fold-SET-1-train.csv,./Data/5_fold-SET-1-validate.csv,./resultados/5_fold-SET-1-1701-vecinos-resultados.csv,0,1701,,,,42774.6,0.57,0.8816,0.2928,0.9412,0.7376,0.8197,0.8293,0.675,0.8134,0.7794,0.5175,0.6979,0.9912,0.3587,0.4581,0.5076,0.1988,0.5838,0.8173,0.2819,0.7268
./Data/5_fold-SET-1-train.csv,./Data/5_fold-SET-1-validate.csv,./resultados/5_fold-SET-1-1751-vecinos-resultados.csv,0,1751,,,,43587.3,0.5615,0.88,0.2875,0.9518,0.7319,0.8115,0.8205,0.6688,0.8125,0.7692,0.5097,0.6875,0.9912,0.3543,0.4449,0.5025,0.1871,0.5676,0.8125,0.266,0.7213
./Data/5_fold-SET-1-train.csv,./Data/5_fold-SET-1-validate.csv,./resultados/5_fold-SET-1-1801-vecinos-resultados.csv,0,1801,,,,44406.9,0.5575,0.88,0.285,0.9518,0.7226,0.8083,0.8108,0.6688,0.8116,0.7812,0.5058,0.6875,0.9912,0.3543,0.4361,0.4924,0.1754,0.5676,0.8077,0.266,0.7158
./Data/5_fold-SET-1-train.csv,./Data/5_fold-SET-1-validate.csv,./resultados/5_fold-SET-1-1851-vecinos-resultados.csv,0,1851,,,,45139.8,0.5535,0.8859,0.2814,0.9512,0.7239,0.8,0.7941,0.6731,0.8137,0.7778,0.5076,0.6875,0.9912,0.3498,0.4273,0.4873,0.1579,0.5676,0.7981,0.2606,0.7268
./Data/5_fold-SET-1-train.csv,./Data/5_fold-SET-1-validate.csv,./resultados/5_fold-SET-1-1901-vecinos-resultados.csv,0,1901,,,,45908.3,0.549,0.8912,0.2783,0.9512,0.7293,0.8,0.7941,0.6774,0.7971,0.7667,0.5019,0.6823,0.9912,0.3498,0.4273,0.4873,0.1579,0.5676,0.7933,0.2447,0.7049
./Data/5_fold-SET-1-train.csv,./Data/5_fold-SET-1-validate.csv,./resultados/5_fold-SET-1-1951-vecinos-resultados.csv,0,1951,,,,46683.2,0.5445,0.8973,0.2742,0.9375,0.7385,0.8067,0.7812,0.6842,0.7951,0.7627,0.5,0.6823,0.9912,0.3363,0.4229,0.4873,0.1462,0.5622,0.7837,0.2394,0.7104
./Data/5_fold-SET-1-train.csv,./Data/5_fold-SET-1-validate.csv,./resultados/5_fold-SET-1-2001-vecinos-resultados.csv,0,2001,,,,47504.6,0.54,0.8966,0.2718,0.9481,0.7385,0.7917,0.7667,0.6867,0.7923,0.7627,0.4922,0.6771,0.9912,0.3274,0.4229,0.4822,0.1345,0.5568,0.7885,0.2394,0.694
./Data/5_fold-SET-2-train.csv,./Data/5_fold-SET-2-validate.csv,./resultados/5_fold-SET-2-51-vecinos-resultados.csv,0,51,,,,302472.0,0.9183333333333332,0.9057,0.8761,0.9799,0.9595,0.9547,0.8999,0.912,0.8889,0.9553,0.8823,0.9535,0.9695,0.847,0.8951,0.9478,0.9221,0.9428,0.9535,0.8311,0.918
./Data/5_fold-SET-2-train.csv,./Data/5_fold-SET-2-validate.csv,./resultados/5_fold-SET-2-101-vecinos-resultados.csv,0,101,,,,18067.6,0.8545,0.8905,0.7036,0.9524,0.9076,0.9101,0.8994,0.8351,0.8903,0.9535,0.7778,0.9122,0.9774,0.7216,0.852,0.8223,0.8079,0.892,0.9336,0.6872,0.8865
./Data/5_fold-SET-2-train.csv,./Data/5_fold-SET-2-validate.csv,./resultados/5_fold-SET-2-151-vecinos-resultados.csv,0,151,,,,18858.2,0.836,0.8937,0.6677,0.9429,0.8973,0.887,0.9,0.7979,0.8776,0.952,0.7625,0.9024,0.9819,0.6804,0.8469,0.797,0.7627,0.875,0.9204,0.6648,0.869
./Data/5_fold-SET-2-train.csv,./Data/5_fold-SET-2-validate.csv,./resultados/5_fold-SET-2-201-vecinos-resultados.csv,0,201,,,,19654.4,0.82,0.9015,0.6372,0.9478,0.8684,0.8596,0.9071,0.7865,0.8542,0.9444,0.7519,0.8927,0.9774,0.6546,0.8418,0.7766,0.7175,0.858,0.9071,0.6648,0.8472
./Data/5_fold-SET-2-train.csv,./Data/5_fold-SET-2-validate.csv,./resultados/5_fold-SET-2-251-vecinos-resultados.csv,0,251,,,,20399.6,0.8095,0.9091,0.5929,0.9542,0.8763,0.8736,0.9051,0.7819,0.8577,0.925,0.7471,0.878,0.9819,0.6443,0.8316,0.7716,0.7006,0.8352,0.9071,0.6201,0.8515
./Data/5_fold-SET-2-train.csv,./Data/5_fold-SET-2-validate.csv,./resultados/5_fold-SET-2-301-vecinos-resultados.csv,0,301,,,,21151.7,0.789,0.9031,0.5477,0.9453,0.8571,0.8713,0.9024,0.7634,0.8577,0.9211,0.7376,0.8634,0.9864,0.6237,0.7959,0.7563,0.6271,0.8068,0.9071,0.5866,0.8472
./Data/5_fold-SET-2-train.csv,./Data/5_fold-SET-2-validate.csv,./resultados/5_fold-SET-2-351-vecinos-resultados.csv,0,351,,,,21837.9,0.7795,0.9067,0.5304,0.9435,0.8556,0.8596,0.9083,0.7676,0.8465,0.9107,0.7262,0.8537,0.9864,0.6031,0.7857,0.7462,0.6158,0.8068,0.9027,0.5698,0.8341
./Data/5_fold-SET-2-train.csv,./Data/5_fold-SET-2-validate.csv,./resultados/5_fold-SET-2-401-vecinos-resultados.csv,0,401,,,,22577.2,0.7695,0.9096,0.5177,0.9421,0.8453,0.8538,0.9266,0.746,0.8333,0.9018,0.7231,0.8341,0.991,0.5876,0.7806,0.7411,0.5706,0.8011,0.9071,0.5642,0.821
./Data/5_fold-SET-2-train.csv,./Data/5_fold-SET-2-validate.csv,./resultados/5_fold-SET-2-451-vecinos-resultados.csv,0,451,,,,23292.2,0.7635,0.9086,0.5011,0.9322,0.85,0.8683,0.9245,0.7302,0.8367,0.8929,0.7308,0.8244,0.991,0.567,0.7806,0.736,0.5537,0.7841,0.9071,0.5587,0.8297
./Data/5_fold-SET-2-train.csv,./Data/5_fold-SET-2-validate.csv,./resultados/5_fold-SET-2-501-vecinos-resultados.csv,0,501,,,,24043.9,0.7505,0.9032,0.4824,0.9224,0.8427,0.8631,0.93,0.7182,0.8252,0.8919,0.7192,0.8195,0.991,0.5515,0.7653,0.736,0.5254,0.7386,0.8982,0.5531,0.8166
./Data/5_fold-SET-2-train.csv,./Data/5_fold-SET-2-validate.csv,./resultados/5_fold-SET-2-551-vecinos-resultados.csv,0,551,,,,24800.1,0.742,0.9016,0.47,0.9286,0.8242,0.8598,0.9192,0.7159,0.8252,0.8991,0.711,0.8049,0.991,0.5361,0.7653,0.7157,0.5141,0.7159,0.8982,0.5475,0.8166
./Data/5_fold-SET-2-train.csv,./Data/5_fold-SET-2-validate.csv,./resultados/5_fold-SET-2-601-vecinos-resultados.csv,0,601,,,,25544.9,0.737,0.905,0.4601,0.9364,0.8152,0.8758,0.89,0.7168,0.8219,0.9057,0.7083,0.7902,0.991,0.5309,0.7653,0.7157,0.5028,0.7045,0.8982,0.5363,0.8166
./Data/5_fold-SET-2-train.csv,./Data/5_fold-SET-2-validate.csv,./resultados/5_fold-SET-2-651-vecinos-resultados.csv,0,651,,,,26304.9,0.731,0.905,0.4497,0.9364,0.8142,0.8606,0.8947,0.7118,0.8185,0.8962,0.7121,0.7902,0.991,0.5309,0.7602,0.7208,0.4802,0.6875,0.8982,0.5307,0.7991
./Data/5_fold-SET-2-train.csv,./Data/5_fold-SET-2-validate.csv,./resultados/5_fold-SET-2-701-vecinos-resultados.csv,0,701,,,,27080.1,0.725,0.9,0.4398,0.9266,0.8077,0.8589,0.8913,0.7126,0.8252,0.902,0.7088,0.7902,0.991,0.5206,0.75,0.7107,0.4633,0.6761,0.8982,0.514,0.8079
./Data/5_fold-SET-2-train.csv,./Data/5_fold-SET-2-validate.csv,./resultados/5_fold-SET-2-751-vecinos-resultados.csv,0,751,,,,27786.2,0.716,0.9,0.4261,0.9238,0.8122,0.8424,0.8864,0.7091,0.8178,0.9072,0.7093,0.7902,0.991,0.5,0.75,0.7056,0.4407,0.6648,0.8938,0.4916,0.7991
./Data/5_fold-SET-2-train.csv,./Data/5_fold-SET-2-validate.csv,./resultados/5_fold-SET-2-801-vecinos-resultados.csv,0,801,,,,28588.4,0.705,0.8989,0.4179,0.9223,0.8,0.8323,0.878,0.7055,0.8171,0.8866,0.6885,0.7805,0.991,0.4897,0.7347,0.7056,0.4068,0.6534,0.8894,0.4804,0.7817
./Data/5_fold-SET-2-train.csv,./Data/5_fold-SET-2-validate.csv,./resultados/5_fold-SET-2-851-vecinos-resultados.csv,0,851,,,,29341.1,0.697,0.8927,0.4071,0.9216,0.7989,0.8323,0.8701,0.6957,0.8156,0.8866,0.686,0.7707,0.991,0.4845,0.7296,0.7056,0.3785,0.6364,0.8805,0.4804,0.7729
./Data/5_fold-SET-2-train.csv,./Data/5_fold-SET-2-validate.csv,./resultados/5_fold-SET-2-901-vecinos-resultados.csv,0,901,,,,30191.8,0.689,0.8971,0.3975,0.9208,0.7821,0.8129,0.8784,0.6899,0.8189,0.883,0.685,0.7659,0.991,0.4794,0.7143,0.7056,0.3672,0.6193,0.8805,0.4637,0.7598
./Data/5_fold-SET-2-train.csv,./Data/5_fold-SET-2-validate.csv,./resultados/5_fold-SET-2-951-vecinos-resultados.csv,0,951,,,,30917.9,0.6825,0.9017,0.3869,0.9118,0.7735,0.8193,0.8971,0.6772,0.8216,0.8791,0.689,0.761,0.991,0.4794,0.7143,0.6904,0.3446,0.608,0.8761,0.4469,0.7642
./Data/5_fold-SET-2-train.csv,./Data/5_fold-SET-2-validate.csv,./resultados/5_fold-SET-2-1001-vecinos-resultados.csv,0,1001,,,,31705.1,0.677,0.9012,0.3815,0.9118,0.774,0.8193,0.8676,0.6753,0.8174,0.8617,0.6865,0.7561,0.991,0.4794,0.699,0.6904,0.3333,0.5909,0.8717,0.4525,0.7555
./Data/5_fold-SET-2-train.csv,./Data/5_fold-SET-2-validate.csv,./resultados/5_fold-SET-2-1051-vecinos-resultados.csv,0,1051,,,,32502.1,0.6725,0.9012,0.3763,0.92,0.7701,0.8121,0.8696,0.6797,0.814,0.8587,0.6813,0.7561,0.991,0.4742,0.6837,0.6802,0.339,0.5909,0.8717,0.4413,0.7467
./Data/5_fold-SET-2-train.csv,./Data/5_fold-SET-2-validate.csv,./resultados/5_fold-SET-2-1101-vecinos-resultados.csv,0,1101,,,,33286.5,0.6655,0.9,0.3712,0.9192,0.7572,0.8121,0.8507,0.6689,0.8107,0.8462,0.6813,0.7463,0.991,0.4691,0.6684,0.6802,0.322,0.5739,0.8717,0.4302,0.7467
./Data/5_fold-SET-2-train.csv,./Data/5_fold-SET-2-validate.csv,./resultados/5_fold-SET-2-1151-vecinos-resultados.csv,0,1151,,,,34054.3,0.6585,0.8994,0.3632,0.9278,0.7471,0.8024,0.8485,0.6622,0.8133,0.8409,0.6813,0.7415,0.991,0.4639,0.648,0.6802,0.3164,0.5568,0.8673,0.4134,0.7467
./Data/5_fold-SET-2-train.csv,./Data/5_fold-SET-2-validate.csv,./resultados/5_fold-SET-2-1201-vecinos-resultados.csv,0,1201,,,,34855.6,0.648,0.8941,0.3527,0.9263,0.7485,0.7929,0.8571,0.6552,0.8075,0.8313,0.6746,0.7415,0.991,0.4536,0.6224,0.6802,0.3051,0.5398,0.854,0.3855,0.7424
./Data/5_fold-SET-2-train.csv,./Data/5_fold-SET-2-validate.csv,./resultados/5_fold-SET-2-1251-vecinos-resultados.csv,0,1251,,,,35640.0,0.6445,0.8994,0.3487,0.9247,0.7439,0.8024,0.8814,0.6438,0.8067,0.85,0.668,0.7415,0.9955,0.4433,0.6224,0.6802,0.2938,0.5341,0.8496,0.3799,0.738
./Data/5_fold-SET-2-train.csv,./Data/5_fold-SET-2-validate.csv,./resultados/5_fold-SET-2-1301-vecinos-resultados.csv,0,1301,,,,36450.4,0.6375,0.9036,0.3416,0.914,0.7317,0.7952,0.8596,0.6434,0.8042,0.8354,0.6774,0.7317,0.9955,0.4381,0.6122,0.6701,0.2768,0.5227,0.854,0.3687,0.7336
./Data/5_fold-SET-2-train.csv,./Data/5_fold-SET-2-validate.csv,./resultados/5_fold-SET-2-1351-vecinos-resultados.csv,0,1351,,,,37220.7,0.633,0.903,0.3385,0.914,0.7205,0.7964,0.8393,0.6479,0.8025,0.8228,0.6747,0.7268,0.9955,0.4381,0.5918,0.6751,0.2655,0.5227,0.8451,0.3631,0.7336
./Data/5_fold-SET-2-train.csv,./Data/5_fold-SET-2-validate.csv,./resultados/5_fold-SET-2-1401-vecinos-resultados.csv,0,1401,,,,38051.0,0.6275,0.9085,0.3333,0.9111,0.7125,0.7904,0.8333,0.6454,0.8051,0.8125,0.6734,0.7268,0.9955,0.4227,0.5816,0.6701,0.2542,0.517,0.8407,0.3631,0.7293
./Data/5_fold-SET-2-train.csv,./Data/5_fold-SET-2-validate.csv,./resultados/5_fold-SET-2-1451-vecinos-resultados.csv,0,1451,,,,38808.4,0.6185,0.903,0.3293,0.908,0.6975,0.7751,0.8163,0.6403,0.8112,0.8052,0.6574,0.7268,0.9955,0.4072,0.5765,0.665,0.226,0.5057,0.8363,0.3464,0.7205
./Data/5_fold-SET-2-train.csv,./Data/5_fold-SET-2-validate.csv,./resultados/5_fold-SET-2-1501-vecinos-resultados.csv,0,1501,,,,39595.7,0.6155,0.9074,0.324,0.8977,0.6975,0.7778,0.8125,0.625,0.8205,0.8108,0.6626,0.7171,0.9955,0.4072,0.5765,0.6751,0.2203,0.483,0.8496,0.3352,0.7118
./Data/5_fold-SET-2-train.csv,./Data/5_fold-SET-2-validate.csv,./resultados/5_fold-SET-2-1551-vecinos-resultados.csv,0,1551,,,,40396.0,0.6085,0.9074,0.3193,0.8977,0.6918,0.7719,0.8085,0.6222,0.8093,0.8194,0.6515,0.7171,0.9955,0.4072,0.5612,0.6701,0.2147,0.4773,0.8451,0.3296,0.6856
./Data/5_fold-SET-2-train.csv,./Data/5_fold-SET-2-validate.csv,./resultados/5_fold-SET-2-1601-vecinos-resultados.csv,0,1601,,,,41142.4,0.599,0.9,0.3107,0.9048,0.6943,0.7798,0.7872,0.6074,0.8147,0.8088,0.6432,0.7024,0.9955,0.3918,0.5561,0.665,0.209,0.4659,0.8363,0.3073,0.6769
./Data/5_fold-SET-2-train.csv,./Data/5_fold-SET-2-validate.csv,./resultados/5_fold-SET-2-1651-vecinos-resultados.csv,0,1651,,,,41952.7,0.593,0.8994,0.3047,0.8916,0.6954,0.7758,0.7826,0.6119,0.8225,0.7826,0.6417,0.6976,0.9955,0.3814,0.5357,0.6497,0.2034,0.4659,0.8407,0.3017,0.6725
./Data/5_fold-SET-2-train.csv,./Data/5_fold-SET-2-validate.csv,./resultados/5_fold-SET-2-1701-vecinos-resultados.csv,0,1701,,,,42801.0,0.5875,0.9097,0.3034,0.8902,0.6774,0.7744,0.7333,0.6212,0.8112,0.7681,0.6333,0.6878,0.9955,0.3763,0.5357,0.6447,0.1864,0.4659,0.8363,0.2961,0.6638
./Data/5_fold-SET-2-train.csv,./Data/5_fold-SET-2-validate.csv,./resultados/5_fold-SET-2-1751-vecinos-resultados.csv,0,1751,,,,43532.4,0.5865,0.9097,0.301,0.8889,0.6753,0.7771,0.7273,0.6212,0.8051,0.7647,0.6481,0.6878,0.9955,0.3711,0.5306,0.6548,0.1808,0.4659,0.8407,0.2905,0.6594
./Data/5_fold-SET-2-train.csv,./Data/5_fold-SET-2-validate.csv,./resultados/5_fold-SET-2-1801-vecinos-resultados.csv,0,1801,,,,44323.2,0.58,0.9085,0.2969,0.8861,0.6711,0.7697,0.7273,0.6183,0.8085,0.7727,0.6329,0.678,0.9955,0.3608,0.5102,0.6447,0.1808,0.4602,0.8407,0.2849,0.655
./Data/5_fold-SET-2-train.csv,./Data/5_fold-SET-2-validate.csv,./resultados/5_fold-SET-2-1851-vecinos-resultados.csv,0,1851,,,,45286.1,0.578,0.9079,0.2945,0.8974,0.6667,0.7665,0.7442,0.6061,0.812,0.7692,0.6383,0.6732,0.9955,0.3608,0.5,0.6497,0.1808,0.4545,0.8407,0.2793,0.655
./Data/5_fold-SET-2-train.csv,./Data/5_fold-SET-2-validate.csv,./resultados/5_fold-SET-2-1901-vecinos-resultados.csv,0,1901,,,,45990.3,0.572,0.9079,0.2918,0.8846,0.6621,0.7607,0.7317,0.6015,0.8043,0.7812,0.6298,0.6732,0.9955,0.3557,0.4898,0.6294,0.1695,0.4545,0.8363,0.2793,0.6463
./Data/5_fold-SET-2-train.csv,./Data/5_fold-SET-2-validate.csv,./resultados/5_fold-SET-2-1951-vecinos-resultados.csv,0,1951,,,,46755.9,0.569,0.9079,0.2887,0.8718,0.6597,0.7669,0.725,0.6061,0.7991,0.7778,0.6336,0.6732,0.9955,0.3505,0.4847,0.6345,0.1638,0.4545,0.8274,0.2737,0.6419
./Data/5_fold-SET-2-train.csv,./Data/5_fold-SET-2-validate.csv,./resultados/5_fold-SET-2-2001-vecinos-resultados.csv,0,2001,,,,47548.1,0.5605,0.9079,0.2842,0.8684,0.6507,0.7673,0.6944,0.6047,0.7949,0.7258,0.6293,0.6732,0.9955,0.3402,0.4847,0.6193,0.1412,0.4432,0.823,0.2514,0.6376
./Data/5_fold-SET-3-train.csv,./Data/5_fold-SET-3-validate.csv,./resultados/5_fold-SET-3-51-vecinos-resultados.csv,0,51,,,,302290.0,0.909404761904762,0.9151,0.8486,0.9652,0.9628,0.937,0.9075,0.8702,0.9245,0.9446,0.8537,0.9466,0.9663,0.8502,0.8992,0.9245,0.8934,0.9294,0.9402,0.801,0.9302
./Data/5_fold-SET-3-train.csv,./Data/5_fold-SET-3-validate.csv,./resultados/5_fold-SET-3-101-vecinos-resultados.csv,0,101,,,,18094.6,0.8485,0.8901,0.6757,0.9765,0.9482,0.9034,0.9207,0.8125,0.8524,0.8992,0.792,0.8947,0.9912,0.7378,0.8472,0.8281,0.7906,0.8579,0.9372,0.716,0.8565
./Data/5_fold-SET-3-train.csv,./Data/5_fold-SET-3-validate.csv,./resultados/5_fold-SET-3-151-vecinos-resultados.csv,0,151,,,,18872.8,0.8245,0.8777,0.6257,0.9812,0.9319,0.907,0.9272,0.7854,0.8349,0.8906,0.7532,0.8684,0.9868,0.6978,0.8241,0.8125,0.733,0.8173,0.9267,0.7037,0.8469
./Data/5_fold-SET-3-train.csv,./Data/5_fold-SET-3-validate.csv,./resultados/5_fold-SET-3-201-vecinos-resultados.csv,0,201,,,,19616.0,0.808,0.8901,0.5849,0.9809,0.9162,0.9096,0.9071,0.7756,0.8271,0.874,0.7489,0.8526,0.9868,0.6844,0.8102,0.7865,0.6649,0.8071,0.9267,0.6852,0.8421
./Data/5_fold-SET-3-train.csv,./Data/5_fold-SET-3-validate.csv,./resultados/5_fold-SET-3-251-vecinos-resultados.csv,0,251,,,,20398.2,0.796,0.884,0.5754,0.9804,0.9,0.8902,0.9044,0.7707,0.8157,0.8594,0.7319,0.8421,0.9912,0.6667,0.7917,0.7604,0.644,0.802,0.9267,0.679,0.823
./Data/5_fold-SET-3-train.csv,./Data/5_fold-SET-3-validate.csv,./resultados/5_fold-SET-3-301-vecinos-resultados.csv,0,301,,,,21103.4,0.78,0.8833,0.5422,0.9796,0.8984,0.8675,0.9127,0.75,0.8119,0.8583,0.7222,0.8368,0.9912,0.64,0.7778,0.75,0.6021,0.7614,0.9267,0.6728,0.8086
./Data/5_fold-SET-3-train.csv,./Data/5_fold-SET-3-validate.csv,./resultados/5_fold-SET-3-351-vecinos-resultados.csv,0,351,,,,21807.5,0.7695,0.8927,0.5245,0.9787,0.893,0.8667,0.9091,0.7487,0.8037,0.84,0.7089,0.8316,0.9912,0.6133,0.7731,0.7448,0.5759,0.7563,0.9215,0.6481,0.8038
./Data/5_fold-SET-3-train.csv,./Data/5_fold-SET-3-validate.csv,./resultados/5_fold-SET-3-401-vecinos-resultados.csv,0,401,,,,22546.7,0.757,0.887,0.5022,0.9779,0.871,0.8875,0.906,0.736,0.8,0.8264,0.7059,0.8263,0.9912,0.5911,0.75,0.7396,0.555,0.736,0.9215,0.6173,0.8038
./Data/5_fold-SET-3-train.csv,./Data/5_fold-SET-3-validate.csv,./resultados/5_fold-SET-3-451-vecinos-resultados.csv,0,451,,,,23315.8,0.744,0.8857,0.4808,0.9773,0.8674,0.8846,0.9027,0.7354,0.7892,0.8049,0.7,0.8158,0.9912,0.5733,0.7269,0.7188,0.534,0.7056,0.9215,0.6111,0.8038
./Data/5_fold-SET-3-train.csv,./Data/5_fold-SET-3-validate.csv,./resultados/5_fold-SET-3-501-vecinos-resultados.csv,0,501,,,,24046.1,0.734,0.8807,0.4649,0.969,0.8636,0.8734,0.8991,0.7273,0.7909,0.7967,0.7017,0.8158,0.9912,0.5556,0.7037,0.7188,0.5131,0.6904,0.911,0.6049,0.799
./Data/5_fold-SET-3-train.csv,./Data/5_fold-SET-3-validate.csv,./resultados/5_fold-SET-3-551-vecinos-resultados.csv,0,551,,,,24796.3,0.7245,0.8857,0.4536,0.9685,0.8444,0.8808,0.8932,0.7213,0.7873,0.7934,0.6872,0.8158,0.9912,0.5467,0.7037,0.6927,0.4817,0.6701,0.911,0.5926,0.799
./Data/5_fold-SET-3-train.csv,./Data/5_fold-SET-3-validate.csv,./resultados/5_fold-SET-3-601-vecinos-resultados.csv,0,601,,,,25529.5,0.7125,0.8844,0.442,0.976,0.8177,0.8733,0.8878,0.7127,0.7818,0.7881,0.6735,0.8053,0.9912,0.5422,0.6852,0.6823,0.4555,0.6548,0.9005,0.5741,0.7895
./Data/5_fold-SET-3-train.csv,./Data/5_fold-SET-3-validate.csv,./resultados/5_fold-SET-3-651-vecinos-resultados.csv,0,651,,,,26276.7,0.707,0.8947,0.4313,0.9758,0.8056,0.88,0.875,0.7095,0.7864,0.7857,0.6762,0.8053,0.9956,0.5378,0.6713,0.6875,0.4398,0.6447,0.9058,0.5432,0.7895
./Data/5_fold-SET-3-train.csv,./Data/5_fold-SET-3-validate.csv,./resultados/5_fold-SET-3-701-vecinos-resultados.csv,0,701,,,,27053.9,0.697,0.8889,0.4248,0.9672,0.779,0.8716,0.8736,0.7119,0.7803,0.7788,0.6667,0.8,0.9956,0.5244,0.6528,0.6719,0.3979,0.6396,0.911,0.5432,0.7847
./Data/5_fold-SET-3-train.csv,./Data/5_fold-SET-3-validate.csv,./resultados/5_fold-SET-3-751-vecinos-resultados.csv,0,751,,,,27850.1,0.6905,0.8882,0.4154,0.9752,0.768,0.8776,0.8675,0.6989,0.7812,0.7778,0.6667,0.7947,0.9956,0.5244,0.6435,0.6719,0.377,0.6244,0.9162,0.5185,0.7847
./Data/5_fold-SET-3-train.csv,./Data/5_fold-SET-3-validate.csv,./resultados/5_fold-SET-3-801-vecinos-resultados.csv,0,801,,,,28623.3,0.6825,0.8876,0.4072,0.9746,0.7674,0.8716,0.8642,0.6816,0.7778,0.783,0.6599,0.7895,0.9956,0.5111,0.6111,0.6719,0.3665,0.6193,0.9162,0.5123,0.7799
./Data/5_fold-SET-3-train.csv,./Data/5_fold-SET-3-validate.csv,./resultados/5_fold-SET-3-851-vecinos-resultados.csv,0,851,,,,29395.5,0.6715,0.8802,0.3965,0.9655,0.7588,0.8699,0.8701,0.6742,0.7768,0.767,0.6506,0.7737,0.9956,0.4978,0.5972,0.6615,0.3508,0.6091,0.911,0.4877,0.7751
./Data/5_fold-SET-3-train.csv,./Data/5_fold-SET-3-validate.csv,./resultados/5_fold-SET-3-901-vecinos-resultados.csv,0,901,,,,30165.7,0.666,0.8827,0.391,0.9739,0.7572,0.8621,0.8667,0.6685,0.7733,0.7732,0.6429,0.7526,0.9956,0.4978,0.6065,0.651,0.3403,0.6041,0.911,0.463,0.7751
./Data/5_fold-SET-3-train.csv,./Data/5_fold-SET-3-validate.csv,./resultados/5_fold-SET-3-951-vecinos-resultados.csv,0,951,,,,30942.9,0.66,0.8834,0.3818,0.9737,0.7602,0.8435,0.8841,0.6686,0.7778,0.766,0.64,0.7579,0.9956,0.4933,0.6019,0.6458,0.3194,0.5939,0.9162,0.4444,0.7656
./Data/5_fold-SET-3-train.csv,./Data/5_fold-SET-3-validate.csv,./resultados/5_fold-SET-3-1001-vecinos-resultados.csv,0,1001,,,,31718.1,0.6515,0.8758,0.3723,0.9727,0.7574,0.8378,0.8636,0.6724,0.7709,0.7692,0.6397,0.7421,0.9956,0.4756,0.5926,0.6458,0.2984,0.5939,0.9162,0.4321,0.756
./Data/5_fold-SET-3-train.csv,./Data/5_fold-SET-3-validate.csv,./resultados/5_fold-SET-3-1051-vecinos-resultados.csv,0,1051,,,,32498.3,0.6425,0.8805,0.3633,0.9725,0.7576,0.8231,0.8485,0.6725,0.7668,0.7667,0.629,0.7368,0.9956,0.4711,0.5787,0.6302,0.2932,0.5838,0.8953,0.4259,0.7464
./Data/5_fold-SET-3-train.csv,./Data/5_fold-SET-3-validate.csv,./resultados/5_fold-SET-3-1101-vecinos-resultados.csv,0,1101,,,,33275.5,0.6345,0.8805,0.3548,0.9633,0.7546,0.8041,0.8438,0.6707,0.7671,0.7614,0.6301,0.7368,0.9956,0.4667,0.5694,0.6198,0.2827,0.5685,0.8796,0.4136,0.7416
./Data/5_fold-SET-3-train.csv,./Data/5_fold-SET-3-validate.csv,./resultados/5_fold-SET-3-1151-vecinos-resultados.csv,0,1151,,,,34006.7,0.629,0.875,0.3498,0.9626,0.7546,0.7959,0.8571,0.6687,0.7626,0.7586,0.6245,0.7368,0.9956,0.4578,0.5694,0.6094,0.2827,0.5533,0.8743,0.4074,0.7321
./Data/5_fold-SET-3-train.csv,./Data/5_fold-SET-3-validate.csv,./resultados/5_fold-SET-3-1201-vecinos-resultados.csv,0,1201,,,,34791.8,0.624,0.8812,0.344,0.972,0.7516,0.7972,0.8644,0.6626,0.7647,0.7412,0.6189,0.7421,0.9956,0.4622,0.5602,0.5938,0.267,0.5482,0.8848,0.3889,0.7225
./Data/5_fold-SET-3-train.csv,./Data/5_fold-SET-3-validate.csv,./resultados/5_fold-SET-3-1251-vecinos-resultados.csv,0,1251,,,,35602.1,0.614,0.8742,0.3353,0.9714,0.7438,0.7917,0.8596,0.6519,0.7721,0.75,0.6025,0.7316,0.9956,0.4533,0.5509,0.5938,0.2565,0.5228,0.8691,0.3889,0.7033
./Data/5_fold-SET-3-train.csv,./Data/5_fold-SET-3-validate.csv,./resultados/5_fold-SET-3-1301-vecinos-resultados.csv,0,1301,,,,36349.2,0.6105,0.879,0.3309,0.9712,0.7421,0.7945,0.8364,0.6581,0.7696,0.7317,0.6074,0.7263,0.9956,0.4489,0.5463,0.6042,0.2408,0.5178,0.8743,0.3704,0.7033
./Data/5_fold-SET-3-train.csv,./Data/5_fold-SET-3-validate.csv,./resultados/5_fold-SET-3-1351-vecinos-resultados.csv,0,1351,,,,37175.4,0.6035,0.8726,0.3261,0.9706,0.7338,0.7891,0.8571,0.6667,0.7626,0.7195,0.5984,0.7211,0.9956,0.44,0.5231,0.6042,0.2199,0.5178,0.8743,0.3642,0.6986
./Data/5_fold-SET-3-train.csv,./Data/5_fold-SET-3-validate.csv,./resultados/5_fold-SET-3-1401-vecinos-resultados.csv,0,1401,,,,37959.6,0.595,0.8671,0.3215,0.97,0.7244,0.7755,0.8444,0.6579,0.7593,0.7125,0.5926,0.7211,0.9956,0.4311,0.5231,0.5938,0.199,0.5076,0.8586,0.3519,0.689
./Data/5_fold-SET-3-train.csv,./Data/5_fold-SET-3-validate.csv,./resultados/5_fold-SET-3-1451-vecinos-resultados.csv,0,1451,,,,38823.8,0.5905,0.8726,0.3188,0.9694,0.7208,0.7584,0.8409,0.649,0.7523,0.7125,0.5958,0.7211,0.9956,0.4222,0.5139,0.5885,0.1937,0.4975,0.8586,0.3519,0.6842
./Data/5_fold-SET-3-train.csv,./Data/5_fold-SET-3-validate.csv,./resultados/5_fold-SET-3-1501-vecinos-resultados.csv,0,1501,,,,39563.9,0.586,0.8774,0.3148,0.9688,0.7171,0.7584,0.8182,0.649,0.7477,0.7215,0.5924,0.7158,0.9956,0.4133,0.5046,0.5885,0.1885,0.4975,0.8534,0.3519,0.6746
./Data/5_fold-SET-3-train.csv,./Data/5_fold-SET-3-validate.csv,./resultados/5_fold-SET-3-1551-vecinos-resultados.csv,0,1551,,,,40389.1,0.5825,0.8824,0.3113,0.9684,0.72,0.7584,0.8,0.6467,0.7387,0.7273,0.5923,0.7105,0.9956,0.4089,0.5,0.5885,0.1885,0.4924,0.8586,0.3457,0.6603
./Data/5_fold-SET-3-train.csv,./Data/5_fold-SET-3-validate.csv,./resultados/5_fold-SET-3-1601-vecinos-resultados.csv,0,1601,,,,41126.3,0.578,0.8831,0.3071,0.9681,0.7152,0.7533,0.8095,0.6486,0.7397,0.72,0.5887,0.7158,0.9956,0.4044,0.5,0.5885,0.178,0.4873,0.8482,0.3333,0.6507
./Data/5_fold-SET-3-train.csv,./Data/5_fold-SET-3-validate.csv,./resultados/5_fold-SET-3-1651-vecinos-resultados.csv,0,1651,,,,41944.5,0.572,0.8882,0.3029,0.9667,0.7114,0.7551,0.7857,0.6443,0.7385,0.72,0.5819,0.7105,0.9956,0.3867,0.4907,0.5781,0.1728,0.4873,0.8429,0.3333,0.6459
./Data/5_fold-SET-3-train.csv,./Data/5_fold-SET-3-validate.csv,./resultados/5_fold-SET-3-1701-vecinos-resultados.csv,0,1701,,,,42804.5,0.5685,0.894,0.2997,0.9667,0.7075,0.7551,0.7805,0.6351,0.7407,0.7162,0.5819,0.7105,0.9956,0.3867,0.4815,0.5781,0.1675,0.4772,0.8377,0.3272,0.6459
./Data/5_fold-SET-3-train.csv,./Data/5_fold-SET-3-validate.csv,./resultados/5_fold-SET-3-1751-vecinos-resultados.csv,0,1751,,,,43542.8,0.5645,0.894,0.2939,0.9663,0.7083,0.7622,0.775,0.637,0.7477,0.7123,0.5844,0.7105,0.9956,0.3822,0.4722,0.5677,0.1623,0.4721,0.8377,0.321,0.6459
./Data/5_fold-SET-3-train.csv,./Data/5_fold-SET-3-validate.csv,./resultados/5_fold-SET-3-1801-vecinos-resultados.csv,0,1801,,,,44287.8,0.556,0.8993,0.289,0.9651,0.7021,0.7552,0.75,0.625,0.7383,0.7042,0.5826,0.7053,0.9956,0.3689,0.4583,0.5625,0.1571,0.4569,0.8272,0.3086,0.6411
./Data/5_fold-SET-3-train.csv,./Data/5_fold-SET-3-validate.csv,./resultados/5_fold-SET-3-1851-vecinos-resultados.csv,0,1851,,,,45092.2,0.549,0.8993,0.2839,0.9643,0.6957,0.7681,0.7568,0.625,0.7269,0.7,0.5746,0.7053,0.9956,0.36,0.4444,0.5521,0.1466,0.4569,0.822,0.3025,0.6268
./Data/5_fold-SET-3-train.csv,./Data/5_fold-SET-3-validate.csv,./resultados/5_fold-SET-3-1901-vecinos-resultados.csv,0,1901,,,,45857.3,0.543,0.8919,0.2811,0.963,0.7015,0.7626,0.7297,0.6181,0.7235,0.6912,0.5702,0.6947,0.9956,0.3467,0.4352,0.5521,0.1414,0.4518,0.822,0.2901,0.622
./Data/5_fold-SET-3-train.csv,./Data/5_fold-SET-3-validate.csv,./resultados/5_fold-SET-3-1951-vecinos-resultados.csv,0,1951,,,,46675.5,0.5415,0.898,0.2787,0.9625,0.6889,0.7609,0.7222,0.6357,0.7269,0.6957,0.5702,0.6947,0.9956,0.3422,0.4306,0.5469,0.1361,0.4518,0.822,0.2963,0.622
./Data/5_fold-SET-3-train.csv,./Data/5_fold-SET-3-validate.csv,./resultados/5_fold-SET-3-2001-vecinos-resultados.csv,0,2001,,,,47437.6,0.5375,0.8973,0.277,0.962,0.6842,0.7609,0.7143,0.6197,0.7269,0.6912,0.5683,0.6895,0.9956,0.3378,0.4213,0.5469,0.1309,0.4467,0.822,0.2901,0.6172
./Data/5_fold-SET-4-train.csv,./Data/5_fold-SET-4-validate.csv,./resultados/5_fold-SET-4-51-vecinos-resultados.csv,0,51,,,,301869.0,0.9153571428571428,0.906,0.87,0.9789,0.9546,0.9563,0.9008,0.8816,0.9035,0.9499,0.8822,0.9524,0.9683,0.85,0.9131,0.9151,0.8887,0.9472,0.9521,0.8482,0.9084
./Data/5_fold-SET-4-train.csv,./Data/5_fold-SET-4-validate.csv,./resultados/5_fold-SET-4-101-vecinos-resultados.csv,0,101,,,,18044.1,0.833,0.8844,0.6779,0.9737,0.8934,0.9239,0.8819,0.8513,0.8288,0.8774,0.7168,0.9412,0.9779,0.6981,0.8148,0.8252,0.7257,0.8646,0.8762,0.7158,0.871
./Data/5_fold-SET-4-train.csv,./Data/5_fold-SET-4-validate.csv,./resultados/5_fold-SET-4-151-vecinos-resultados.csv,0,151,,,,18846.2,0.8195,0.875,0.6387,0.9724,0.9021,0.9126,0.8889,0.8351,0.821,0.8675,0.713,0.9358,0.9779,0.6651,0.8102,0.8107,0.6857,0.8438,0.8952,0.6895,0.8548
./Data/5_fold-SET-4-train.csv,./Data/5_fold-SET-4-validate.csv,./resultados/5_fold-SET-4-201-vecinos-resultados.csv,0,201,,,,19647.3,0.801,0.8731,0.5909,0.9704,0.9101,0.92,0.8797,0.8205,0.8238,0.8652,0.6795,0.9198,0.9779,0.6179,0.7963,0.7816,0.6686,0.8333,0.8905,0.6421,0.8548
./Data/5_fold-SET-4-train.csv,./Data/5_fold-SET-4-validate.csv,./resultados/5_fold-SET-4-251-vecinos-resultados.csv,0,251,,,,20380.6,0.79,0.8821,0.5595,0.9774,0.8947,0.9195,0.876,0.8263,0.8186,0.8593,0.6695,0.9198,0.9779,0.6132,0.787,0.7767,0.6457,0.8177,0.881,0.6105,0.8387
./Data/5_fold-SET-4-train.csv,./Data/5_fold-SET-4-validate.csv,./resultados/5_fold-SET-4-301-vecinos-resultados.csv,0,301,,,,21117.8,0.7775,0.8802,0.5298,0.9843,0.8895,0.929,0.8699,0.8115,0.8133,0.8692,0.6624,0.9037,0.9823,0.5896,0.7824,0.7621,0.6114,0.8073,0.8714,0.5947,0.8333
./Data/5_fold-SET-4-train.csv,./Data/5_fold-SET-4-validate.csv,./resultados/5_fold-SET-4-351-vecinos-resultados.csv,0,351,,,,21812.9,0.762,0.8796,0.5068,0.9754,0.8549,0.9128,0.8739,0.8172,0.8044,0.8492,0.661,0.8984,0.9823,0.5613,0.7639,0.7621,0.5543,0.7917,0.8619,0.5632,0.8387
./Data/5_fold-SET-4-train.csv,./Data/5_fold-SET-4-validate.csv,./resultados/5_fold-SET-4-401-vecinos-resultados.csv,0,401,,,,22552.1,0.752,0.8842,0.4933,0.9677,0.8541,0.9146,0.8909,0.8087,0.7913,0.8455,0.639,0.8984,0.9823,0.566,0.7315,0.7282,0.56,0.7708,0.8667,0.5474,0.828
./Data/5_fold-SET-4-train.csv,./Data/5_fold-SET-4-validate.csv,./resultados/5_fold-SET-4-451-vecinos-resultados.csv,0,451,,,,23316.2,0.7475,0.8925,0.4816,0.9597,0.8457,0.925,0.9048,0.7923,0.7965,0.85,0.6405,0.8877,0.9823,0.5613,0.7361,0.7184,0.5429,0.7552,0.8762,0.5368,0.8333
./Data/5_fold-SET-4-train.csv,./Data/5_fold-SET-4-validate.csv,./resultados/5_fold-SET-4-501-vecinos-resultados.csv,0,501,,,,24061.4,0.733,0.8783,0.4654,0.9583,0.8342,0.9,0.9082,0.7821,0.786,0.8583,0.6266,0.8877,0.9823,0.5425,0.7222,0.699,0.5086,0.7292,0.8571,0.5421,0.8118
./Data/5_fold-SET-4-train.csv,./Data/5_fold-SET-4-validate.csv,./resultados/5_fold-SET-4-551-vecinos-resultados.csv,0,551,,,,24783.6,0.724,0.8811,0.4559,0.9496,0.8298,0.8861,0.8878,0.7684,0.7768,0.8534,0.6318,0.8717,0.9823,0.533,0.7222,0.6796,0.4971,0.7083,0.8619,0.5211,0.8118
./Data/5_fold-SET-4-train.csv,./Data/5_fold-SET-4-validate.csv,./resultados/5_fold-SET-4-601-vecinos-resultados.csv,0,601,,,,25492.8,0.716,0.8804,0.4431,0.9492,0.8343,0.8889,0.8854,0.7727,0.7802,0.8421,0.6163,0.8663,0.9823,0.5283,0.6991,0.6602,0.4857,0.7083,0.8619,0.5053,0.8118
./Data/5_fold-SET-4-train.csv,./Data/5_fold-SET-4-validate.csv,./resultados/5_fold-SET-4-651-vecinos-resultados.csv,0,651,,,,26230.9,0.7085,0.8798,0.4353,0.9478,0.8287,0.8816,0.8804,0.7627,0.7817,0.8333,0.6113,0.861,0.9823,0.5142,0.6944,0.6505,0.4629,0.7031,0.8524,0.5,0.8118
./Data/5_fold-SET-4-train.csv,./Data/5_fold-SET-4-validate.csv,./resultados/5_fold-SET-4-701-vecinos-resultados.csv,0,701,,,,26966.0,0.694,0.8778,0.4134,0.9478,0.8202,0.8636,0.8929,0.7442,0.7817,0.8148,0.6173,0.8449,0.9823,0.5142,0.6759,0.6456,0.4286,0.6667,0.8524,0.4632,0.8065
./Data/5_fold-SET-4-train.csv,./Data/5_fold-SET-4-validate.csv,./resultados/5_fold-SET-4-751-vecinos-resultados.csv,0,751,,,,27721.2,0.6875,0.8708,0.4066,0.9483,0.8266,0.8497,0.8902,0.7471,0.7817,0.7963,0.6122,0.8289,0.9823,0.5189,0.662,0.6311,0.4171,0.6615,0.8524,0.4526,0.8065
./Data/5_fold-SET-4-train.csv,./Data/5_fold-SET-4-validate.csv,./resultados/5_fold-SET-4-801-vecinos-resultados.csv,0,801,,,,28515.4,0.679,0.8807,0.3971,0.9474,0.8161,0.84,0.8831,0.7353,0.7876,0.787,0.6057,0.8289,0.9823,0.5094,0.6574,0.6117,0.3886,0.651,0.8476,0.4474,0.8011
./Data/5_fold-SET-4-train.csv,./Data/5_fold-SET-4-validate.csv,./resultados/5_fold-SET-4-851-vecinos-resultados.csv,0,851,,,,29313.6,0.672,0.8786,0.3915,0.9292,0.8092,0.8456,0.8784,0.7235,0.7885,0.7706,0.6041,0.8128,0.9823,0.4953,0.6481,0.6117,0.3714,0.6406,0.8524,0.4421,0.7957
./Data/5_fold-SET-4-train.csv,./Data/5_fold-SET-4-validate.csv,./resultados/5_fold-SET-4-901-vecinos-resultados.csv,0,901,,,,30074.8,0.667,0.8837,0.3854,0.9273,0.8059,0.8456,0.9143,0.7151,0.7867,0.7545,0.6016,0.8128,0.9823,0.4811,0.6343,0.6117,0.3657,0.6406,0.8429,0.4368,0.7957
./Data/5_fold-SET-4-train.csv,./Data/5_fold-SET-4-validate.csv,./resultados/5_fold-SET-4-951-vecinos-resultados.csv,0,951,,,,30869.0,0.661,0.8837,0.3788,0.9266,0.7919,0.8355,0.8955,0.7169,0.7867,0.7714,0.5959,0.8128,0.9823,0.4764,0.6343,0.6165,0.3429,0.6198,0.8429,0.4263,0.7849
./Data/5_fold-SET-4-train.csv,./Data/5_fold-SET-4-validate.csv,./resultados/5_fold-SET-4-1001-vecinos-resultados.csv,0,1001,,,,31682.1,0.654,0.8889,0.3712,0.9245,0.7907,0.8158,0.8939,0.7239,0.7902,0.7647,0.5854,0.8128,0.9823,0.4623,0.6296,0.6019,0.3371,0.6146,0.8429,0.4105,0.7742
./Data/5_fold-SET-4-train.csv,./Data/5_fold-SET-4-validate.csv,./resultados/5_fold-SET-4-1051-vecinos-resultados.csv,0,1051,,,,32460.3,0.648,0.8889,0.3651,0.9238,0.787,0.82,0.8906,0.7117,0.7902,0.7653,0.5806,0.8128,0.9823,0.4575,0.6157,0.5971,0.3257,0.6042,0.8429,0.3947,0.7742
./Data/5_fold-SET-4-train.csv,./Data/5_fold-SET-4-validate.csv,./resultados/5_fold-SET-4-1101-vecinos-resultados.csv,0,1101,,,,33256.5,0.6405,0.8929,0.3529,0.9223,0.7798,0.817,0.8852,0.7152,0.8009,0.7634,0.5813,0.8021,0.9823,0.4481,0.6065,0.6068,0.3086,0.5885,0.8429,0.3737,0.7688
./Data/5_fold-SET-4-train.csv,./Data/5_fold-SET-4-validate.csv,./resultados/5_fold-SET-4-1151-vecinos-resultados.csv,0,1151,,,,34031.7,0.6335,0.8916,0.3469,0.9135,0.7791,0.8133,0.871,0.7197,0.7955,0.7391,0.5813,0.7914,0.9823,0.4481,0.588,0.5922,0.3086,0.5885,0.8333,0.3579,0.7688
./Data/5_fold-SET-4-train.csv,./Data/5_fold-SET-4-validate.csv,./resultados/5_fold-SET-4-1201-vecinos-resultados.csv,0,1201,,,,34775.7,0.629,0.8916,0.3415,0.9118,0.7853,0.8176,0.8644,0.707,0.7909,0.7528,0.5813,0.7914,0.9823,0.4387,0.5926,0.5874,0.2914,0.5781,0.8286,0.3526,0.7688
./Data/5_fold-SET-4-train.csv,./Data/5_fold-SET-4-validate.csv,./resultados/5_fold-SET-4-1251-vecinos-resultados.csv,0,1251,,,,35538.0,0.6245,0.897,0.3364,0.9126,0.7716,0.8108,0.8571,0.7143,0.7936,0.7586,0.5789,0.7914,0.9823,0.4434,0.5787,0.5825,0.2743,0.5729,0.8238,0.3474,0.7688
./Data/5_fold-SET-4-train.csv,./Data/5_fold-SET-4-validate.csv,./resultados/5_fold-SET-4-1301-vecinos-resultados.csv,0,1301,,,,36390.2,0.6205,0.897,0.3328,0.9118,0.7625,0.8054,0.8519,0.7152,0.7936,0.75,0.5813,0.7914,0.9823,0.4387,0.5648,0.5825,0.2629,0.5625,0.8238,0.3474,0.7688
./Data/5_fold-SET-4-train.csv,./Data/5_fold-SET-4-validate.csv,./resultados/5_fold-SET-4-1351-vecinos-resultados.csv,0,1351,,,,37165.5,0.613,0.897,0.3265,0.91,0.7658,0.8095,0.84,0.7067,0.7864,0.7381,0.5772,0.7914,0.9823,0.4292,0.5602,0.5777,0.24,0.5521,0.8238,0.3263,0.7634
./Data/5_fold-SET-4-train.csv,./Data/5_fold-SET-4-validate.csv,./resultados/5_fold-SET-4-1401-vecinos-resultados.csv,0,1401,,,,37961.6,0.6105,0.897,0.3236,0.9072,0.7625,0.8095,0.84,0.702,0.7864,0.7595,0.5755,0.7914,0.9823,0.4151,0.5648,0.5777,0.24,0.5521,0.8238,0.3158,0.7581
./Data/5_fold-SET-4-train.csv,./Data/5_fold-SET-4-validate.csv,./resultados/5_fold-SET-4-1451-vecinos-resultados.csv,0,1451,,,,38719.7,0.602,0.897,0.3185,0.9011,0.761,0.7959,0.8333,0.6892,0.7828,0.7532,0.5709,0.7914,0.9823,0.3868,0.5602,0.568,0.2286,0.5312,0.8238,0.3053,0.7581
./Data/5_fold-SET-4-train.csv,./Data/5_fold-SET-4-validate.csv,./resultados/5_fold-SET-4-1501-vecinos-resultados.csv,0,1501,,,,39570.0,0.5945,0.9018,0.3127,0.8989,0.7452,0.7877,0.8222,0.6824,0.7828,0.76,0.5691,0.7861,0.9823,0.3774,0.5417,0.5583,0.2114,0.526,0.8238,0.3,0.7527
./Data/5_fold-SET-4-train.csv,./Data/5_fold-SET-4-validate.csv,./resultados/5_fold-SET-4-1551-vecinos-resultados.csv,0,1551,,,,40302.9,0.5905,0.9018,0.3072,0.8953,0.7451,0.7905,0.8372,0.6897,0.7818,0.7671,0.572,0.7861,0.9867,0.3632,0.5278,0.568,0.2057,0.5208,0.819,0.2947,0.7473
./Data/5_fold-SET-4-train.csv,./Data/5_fold-SET-4-validate.csv,./resultados/5_fold-SET-4-1601-vecinos-resultados.csv,0,1601,,,,41075.3,0.5865,0.9018,0.3026,0.8953,0.7383,0.7959,0.8333,0.6875,0.7828,0.7571,0.5768,0.7861,0.9867,0.3632,0.5093,0.568,0.2,0.5156,0.8238,0.2789,0.7473
./Data/5_fold-SET-4-train.csv,./Data/5_fold-SET-4-validate.csv,./resultados/5_fold-SET-4-1651-vecinos-resultados.csv,0,1651,,,,41862.4,0.581,0.9062,0.2985,0.8916,0.7315,0.7945,0.8333,0.6929,0.7783,0.7536,0.572,0.7754,0.9867,0.3491,0.5046,0.5631,0.2,0.5052,0.819,0.2737,0.7473
./Data/5_fold-SET-4-train.csv,./Data/5_fold-SET-4-validate.csv,./resultados/5_fold-SET-4-1701-vecinos-resultados.csv,0,1701,,,,42662.8,0.576,0.9108,0.2942,0.8916,0.7162,0.7905,0.8293,0.6884,0.7783,0.7576,0.575,0.7647,0.9867,0.3491,0.4907,0.568,0.1943,0.4948,0.819,0.2632,0.7419
./Data/5_fold-SET-4-train.csv,./Data/5_fold-SET-4-validate.csv,./resultados/5_fold-SET-4-1751-vecinos-resultados.csv,0,1751,,,,43523.8,0.574,0.9156,0.29,0.8875,0.7192,0.8027,0.8293,0.6884,0.7828,0.7576,0.5798,0.754,0.9867,0.3349,0.4861,0.5728,0.1943,0.4948,0.8238,0.2632,0.7419
./Data/5_fold-SET-4-train.csv,./Data/5_fold-SET-4-validate.csv,./resultados/5_fold-SET-4-1801-vecinos-resultados.csv,0,1801,,,,44316.2,0.568,0.9156,0.2859,0.8875,0.7143,0.7959,0.8293,0.6861,0.7864,0.746,0.5714,0.754,0.9867,0.3349,0.463,0.568,0.1943,0.4896,0.8238,0.2474,0.7312
./Data/5_fold-SET-4-train.csv,./Data/5_fold-SET-4-validate.csv,./resultados/5_fold-SET-4-1851-vecinos-resultados.csv,0,1851,,,,45128.7,0.563,0.915,0.283,0.8861,0.7174,0.7945,0.8293,0.6788,0.7844,0.7541,0.5607,0.7487,0.9867,0.3302,0.4583,0.5631,0.1943,0.4844,0.8143,0.2421,0.7204
./Data/5_fold-SET-4-train.csv,./Data/5_fold-SET-4-validate.csv,./resultados/5_fold-SET-4-1901-vecinos-resultados.csv,0,1901,,,,45889.4,0.5565,0.9139,0.2791,0.8861,0.7059,0.7958,0.825,0.6691,0.7834,0.7544,0.5583,0.738,0.9867,0.3302,0.4444,0.5485,0.1886,0.4844,0.8095,0.2263,0.7204
./Data/5_fold-SET-4-train.csv,./Data/5_fold-SET-4-validate.csv,./resultados/5_fold-SET-4-1951-vecinos-resultados.csv,0,1951,,,,46706.7,0.552,0.9145,0.275,0.8861,0.6912,0.8,0.8333,0.6739,0.7834,0.7455,0.5593,0.7433,0.9867,0.3302,0.4352,0.5437,0.1714,0.4844,0.8095,0.2158,0.7097
./Data/5_fold-SET-4-train.csv,./Data/5_fold-SET-4-validate.csv,./resultados/5_fold-SET-4-2001-vecinos-resultados.csv,0,2001,,,,47538.7,0.5465,0.9139,0.2723,0.8861,0.6838,0.7943,0.8,0.6715,0.7752,0.76,0.5556,0.738,0.9867,0.3302,0.4306,0.5437,0.16,0.4792,0.8048,0.2,0.6989
./Data/5_fold-SET-5-train.csv,./Data/5_fold-SET-5-validate.csv,./resultados/5_fold-SET-5-51-vecinos-resultados.csv,0,51,,,,302584.0,0.9047619047619048,0.9016,0.8489,0.959,0.9414,0.9452,0.8805,0.8877,0.9103,0.9482,0.8509,0.9482,0.9665,0.8631,0.8846,0.9267,0.8768,0.9469,0.9261,0.8046,0.8981
./Data/5_fold-SET-5-train.csv,./Data/5_fold-SET-5-validate.csv,./resultados/5_fold-SET-5-101-vecinos-resultados.csv,0,101,,,,18013.1,0.8515,0.8964,0.6612,0.9803,0.9298,0.9231,0.9018,0.881,0.8333,0.932,0.7716,0.9202,0.9663,0.7062,0.8368,0.8936,0.7989,0.8726,0.8913,0.7287,0.8905
./Data/5_fold-SET-5-train.csv,./Data/5_fold-SET-5-validate.csv,./resultados/5_fold-SET-5-151-vecinos-resultados.csv,0,151,,,,18852.1,0.8245,0.886,0.6109,0.9793,0.8857,0.8865,0.9034,0.8744,0.816,0.9265,0.7404,0.9096,0.9663,0.673,0.8158,0.8723,0.712,0.8538,0.887,0.6702,0.8657
./Data/5_fold-SET-5-train.csv,./Data/5_fold-SET-5-validate.csv,./resultados/5_fold-SET-5-201-vecinos-resultados.csv,0,201,,,,19627.4,0.8115,0.8796,0.5795,0.9857,0.8686,0.8757,0.8913,0.8641,0.8252,0.9248,0.735,0.8936,0.9808,0.654,0.8,0.8617,0.6685,0.8396,0.8826,0.6543,0.8557
./Data/5_fold-SET-5-train.csv,./Data/5_fold-SET-5-validate.csv,./resultados/5_fold-SET-5-251-vecinos-resultados.csv,0,251,,,,20389.4,0.802,0.8925,0.5511,0.9929,0.8663,0.871,0.8872,0.8571,0.8245,0.9084,0.7328,0.883,0.9856,0.6588,0.7842,0.8617,0.6413,0.8208,0.8783,0.633,0.8458
./Data/5_fold-SET-5-train.csv,./Data/5_fold-SET-5-validate.csv,./resultados/5_fold-SET-5-301-vecinos-resultados.csv,0,301,,,,21128.6,0.7855,0.8913,0.5281,0.9927,0.8409,0.8681,0.8618,0.8309,0.8326,0.8976,0.7167,0.8723,0.9952,0.6445,0.7789,0.8404,0.5761,0.8113,0.8652,0.6064,0.8308
./Data/5_fold-SET-5-train.csv,./Data/5_fold-SET-5-validate.csv,./resultados/5_fold-SET-5-351-vecinos-resultados.csv,0,351,,,,21818.9,0.779,0.8859,0.5188,0.9926,0.8391,0.8722,0.8739,0.8293,0.8292,0.8672,0.7076,0.867,0.9952,0.6351,0.7684,0.8351,0.5652,0.8019,0.8652,0.5904,0.8308
./Data/5_fold-SET-5-train.csv,./Data/5_fold-SET-5-validate.csv,./resultados/5_fold-SET-5-401-vecinos-resultados.csv,0,401,,,,22541.1,0.764,0.8883,0.5012,0.9925,0.8192,0.8539,0.8649,0.803,0.8326,0.8651,0.6888,0.8457,0.9952,0.6256,0.7632,0.8085,0.5217,0.7689,0.8652,0.5798,0.8259
./Data/5_fold-SET-5-train.csv,./Data/5_fold-SET-5-validate.csv,./resultados/5_fold-SET-5-451-vecinos-resultados.csv,0,451,,,,23282.2,0.753,0.887,0.4871,0.9923,0.8057,0.8297,0.8598,0.804,0.8216,0.8548,0.6875,0.8351,0.9952,0.6114,0.7421,0.8032,0.5,0.7547,0.8609,0.5638,0.8209
./Data/5_fold-SET-5-train.csv,./Data/5_fold-SET-5-validate.csv,./resultados/5_fold-SET-5-501-vecinos-resultados.csv,0,501,,,,24045.4,0.745,0.887,0.4737,0.9845,0.7966,0.8258,0.8641,0.802,0.8208,0.85,0.6818,0.8351,0.9952,0.6019,0.7421,0.7819,0.4837,0.7453,0.8565,0.5426,0.8209
./Data/5_fold-SET-5-train.csv,./Data/5_fold-SET-5-validate.csv,./resultados/5_fold-SET-5-551-vecinos-resultados.csv,0,551,,,,24800.6,0.739,0.892,0.4621,0.9922,0.7898,0.8448,0.8447,0.7959,0.8208,0.8509,0.6694,0.8351,0.9952,0.6019,0.7316,0.7819,0.4728,0.7358,0.8565,0.516,0.8159
./Data/5_fold-SET-5-train.csv,./Data/5_fold-SET-5-validate.csv,./resultados/5_fold-SET-5-601-vecinos-resultados.csv,0,601,,,,25549.8,0.73,0.887,0.4452,0.992,0.7753,0.84,0.8511,0.7868,0.822,0.8624,0.6721,0.8351,0.9952,0.5877,0.7263,0.7819,0.4348,0.7311,0.8435,0.5,0.8159
./Data/5_fold-SET-5-train.csv,./Data/5_fold-SET-5-validate.csv,./resultados/5_fold-SET-5-651-vecinos-resultados.csv,0,651,,,,26238.8,0.7165,0.8895,0.4312,0.9917,0.7654,0.8324,0.8333,0.7716,0.8143,0.8491,0.6612,0.8138,0.9952,0.5687,0.7211,0.766,0.4076,0.717,0.8391,0.4787,0.806
./Data/5_fold-SET-5-train.csv,./Data/5_fold-SET-5-validate.csv,./resultados/5_fold-SET-5-701-vecinos-resultados.csv,0,701,,,,27011.1,0.7065,0.8953,0.414,1.0,0.7644,0.815,0.8353,0.7656,0.8143,0.8447,0.6557,0.8191,0.9952,0.5687,0.7,0.75,0.3859,0.6934,0.8391,0.4628,0.796
./Data/5_fold-SET-5-train.csv,./Data/5_fold-SET-5-validate.csv,./resultados/5_fold-SET-5-751-vecinos-resultados.csv,0,751,,,,27780.3,0.701,0.8953,0.4059,1.0,0.7572,0.8198,0.8293,0.7713,0.8101,0.8431,0.6475,0.8191,0.9952,0.5687,0.6895,0.75,0.3696,0.684,0.8348,0.4574,0.7861
./Data/5_fold-SET-5-train.csv,./Data/5_fold-SET-5-validate.csv,./resultados/5_fold-SET-5-801-vecinos-resultados.csv,0,801,,,,28557.4,0.695,0.8947,0.3973,0.9917,0.7602,0.8068,0.8193,0.7624,0.8093,0.8431,0.6513,0.8138,0.9952,0.5687,0.6842,0.7553,0.3696,0.6509,0.8304,0.4574,0.7711
./Data/5_fold-SET-5-train.csv,./Data/5_fold-SET-5-validate.csv,./resultados/5_fold-SET-5-851-vecinos-resultados.csv,0,851,,,,29323.2,0.687,0.8988,0.3891,1.0,0.7514,0.7966,0.8171,0.7514,0.8077,0.8351,0.6456,0.8032,0.9952,0.564,0.6842,0.75,0.3641,0.6415,0.8217,0.4309,0.7612
./Data/5_fold-SET-5-train.csv,./Data/5_fold-SET-5-validate.csv,./resultados/5_fold-SET-5-901-vecinos-resultados.csv,0,901,,,,30102.8,0.677,0.8976,0.377,1.0,0.7427,0.791,0.8,0.7429,0.8112,0.8316,0.6458,0.7926,0.9952,0.5403,0.6684,0.7447,0.3478,0.6132,0.8217,0.4202,0.7711
./Data/5_fold-SET-5-train.csv,./Data/5_fold-SET-5-validate.csv,./resultados/5_fold-SET-5-951-vecinos-resultados.csv,0,951,,,,30869.9,0.671,0.8916,0.3743,0.9912,0.7294,0.7919,0.7922,0.7386,0.8103,0.8229,0.6379,0.7872,0.9952,0.5355,0.6526,0.7287,0.3315,0.6132,0.8174,0.4202,0.7711
./Data/5_fold-SET-5-train.csv,./Data/5_fold-SET-5-validate.csv,./resultados/5_fold-SET-5-1001-vecinos-resultados.csv,0,1001,,,,31641.1,0.6675,0.8976,0.3677,0.9912,0.7278,0.7784,0.8,0.7485,0.8077,0.8211,0.6387,0.7926,0.9952,0.5308,0.6474,0.7287,0.3261,0.6038,0.8217,0.4149,0.7562
./Data/5_fold-SET-5-train.csv,./Data/5_fold-SET-5-validate.csv,./resultados/5_fold-SET-5-1051-vecinos-resultados.csv,0,1051,,,,32428.3,0.658,0.897,0.36,0.9911,0.7193,0.7759,0.8,0.7353,0.8034,0.8172,0.6229,0.7872,0.9952,0.5261,0.6474,0.7181,0.3043,0.5896,0.8174,0.4043,0.7313
./Data/5_fold-SET-5-train.csv,./Data/5_fold-SET-5-validate.csv,./resultados/5_fold-SET-5-1101-vecinos-resultados.csv,0,1101,,,,33213.5,0.6525,0.897,0.3526,0.991,0.7091,0.7849,0.7971,0.731,0.7991,0.8315,0.6203,0.7872,0.9952,0.5213,0.6158,0.7181,0.2989,0.5896,0.813,0.3936,0.7313
./Data/5_fold-SET-5-train.csv,./Data/5_fold-SET-5-validate.csv,./resultados/5_fold-SET-5-1151-vecinos-resultados.csv,0,1151,,,,33978.4,0.644,0.897,0.3427,0.9906,0.7081,0.7771,0.7812,0.7321,0.8009,0.8242,0.617,0.7872,0.9952,0.4976,0.6,0.7234,0.2717,0.5802,0.8043,0.3989,0.7214
./Data/5_fold-SET-5-train.csv,./Data/5_fold-SET-5-validate.csv,./resultados/5_fold-SET-5-1201-vecinos-resultados.csv,0,1201,,,,34844.2,0.639,0.897,0.3388,0.9904,0.6933,0.76,0.7778,0.7219,0.8106,0.8315,0.6197,0.7872,0.9952,0.4882,0.5947,0.7074,0.2663,0.5755,0.8,0.3936,0.7214
./Data/5_fold-SET-5-train.csv,./Data/5_fold-SET-5-validate.csv,./resultados/5_fold-SET-5-1251-vecinos-resultados.csv,0,1251,,,,35608.1,0.633,0.8951,0.3307,0.9901,0.7006,0.7765,0.7656,0.7202,0.8097,0.8202,0.616,0.7713,0.9952,0.4739,0.5789,0.7021,0.2663,0.5708,0.7957,0.3883,0.7264
./Data/5_fold-SET-5-train.csv,./Data/5_fold-SET-5-validate.csv,./resultados/5_fold-SET-5-1301-vecinos-resultados.csv,0,1301,,,,36324.2,0.628,0.9,0.3239,0.9901,0.7006,0.7765,0.7797,0.7152,0.8097,0.8256,0.6118,0.766,0.9952,0.4739,0.5789,0.7021,0.25,0.5566,0.7957,0.3777,0.7214
./Data/5_fold-SET-5-train.csv,./Data/5_fold-SET-5-validate.csv,./resultados/5_fold-SET-5-1351-vecinos-resultados.csv,0,1351,,,,37107.4,0.624,0.9,0.3155,0.9902,0.6943,0.7719,0.7679,0.7233,0.8243,0.814,0.6234,0.766,0.9952,0.4787,0.5737,0.7021,0.2337,0.5425,0.7957,0.3723,0.7164
./Data/5_fold-SET-5-train.csv,./Data/5_fold-SET-5-validate.csv,./resultados/5_fold-SET-5-1401-vecinos-resultados.csv,0,1401,,,,37866.1,0.6165,0.9051,0.3085,0.9901,0.6887,0.7692,0.7593,0.7215,0.8281,0.8,0.6164,0.7606,0.9952,0.4739,0.5474,0.6915,0.2228,0.5377,0.7957,0.3617,0.7114
./Data/5_fold-SET-5-train.csv,./Data/5_fold-SET-5-validate.csv,./resultados/5_fold-SET-5-1451-vecinos-resultados.csv,0,1451,,,,38669.7,0.6105,0.9038,0.3022,0.9903,0.6759,0.7602,0.7736,0.7208,0.8273,0.8072,0.6174,0.75,0.9952,0.4834,0.5158,0.6915,0.2228,0.5236,0.7913,0.3564,0.7065
./Data/5_fold-SET-5-train.csv,./Data/5_fold-SET-5-validate.csv,./resultados/5_fold-SET-5-1501-vecinos-resultados.csv,0,1501,,,,39459.0,0.605,0.8974,0.2983,0.9903,0.669,0.7661,0.7451,0.7208,0.8219,0.8148,0.6114,0.7447,0.9952,0.4834,0.5,0.6968,0.2065,0.5236,0.7826,0.3511,0.6965
./Data/5_fold-SET-5-train.csv,./Data/5_fold-SET-5-validate.csv,./resultados/5_fold-SET-5-1551-vecinos-resultados.csv,0,1551,,,,40257.6,0.6015,0.8981,0.294,1.0,0.662,0.7661,0.8043,0.7059,0.8311,0.8228,0.6061,0.75,0.9952,0.4645,0.4947,0.6968,0.2011,0.5094,0.7913,0.3457,0.6965
./Data/5_fold-SET-5-train.csv,./Data/5_fold-SET-5-validate.csv,./resultados/5_fold-SET-5-1601-vecinos-resultados.csv,0,1601,,,,41008.3,0.5925,0.9097,0.2879,1.0,0.6596,0.7457,0.7955,0.6859,0.8419,0.84,0.5939,0.75,0.9952,0.4408,0.4895,0.6862,0.1902,0.5047,0.787,0.3351,0.6766
./Data/5_fold-SET-5-train.csv,./Data/5_fold-SET-5-validate.csv,./resultados/5_fold-SET-5-1651-vecinos-resultados.csv,0,1651,,,,41766.4,0.592,0.9038,0.2832,1.0,0.6667,0.7574,0.8043,0.6974,0.8419,0.8493,0.6035,0.75,0.9952,0.4408,0.4842,0.6809,0.2011,0.5,0.787,0.3298,0.6816
./Data/5_fold-SET-5-train.csv,./Data/5_fold-SET-5-validate.csv,./resultados/5_fold-SET-5-1701-vecinos-resultados.csv,0,1701,,,,42568.7,0.585,0.9156,0.2786,1.0,0.6667,0.756,0.7955,0.698,0.8257,0.8429,0.5947,0.75,0.9952,0.436,0.4737,0.6755,0.1902,0.4906,0.7826,0.3138,0.6716
./Data/5_fold-SET-5-train.csv,./Data/5_fold-SET-5-validate.csv,./resultados/5_fold-SET-5-1751-vecinos-resultados.csv,0,1751,,,,43363.5,0.581,0.915,0.2756,1.0,0.6667,0.7456,0.7955,0.6959,0.8333,0.8406,0.5921,0.7447,0.9952,0.4265,0.4632,0.6702,0.1902,0.4858,0.7826,0.3085,0.6716
./Data/5_fold-SET-5-train.csv,./Data/5_fold-SET-5-validate.csv,./resultados/5_fold-SET-5-1801-vecinos-resultados.csv,0,1801,,,,44190.1,0.5785,0.9145,0.2745,1.0,0.6466,0.75,0.7561,0.6959,0.8349,0.8406,0.5947,0.7394,0.9952,0.4265,0.4526,0.6702,0.1685,0.4858,0.7913,0.3085,0.6716
./Data/5_fold-SET-5-train.csv,./Data/5_fold-SET-5-validate.csv,./resultados/5_fold-SET-5-1851-vecinos-resultados.csv,0,1851,,,,44991.2,0.575,0.9205,0.2727,1.0,0.6489,0.7545,0.7805,0.6867,0.8211,0.8507,0.5859,0.7394,0.9952,0.4218,0.4474,0.6702,0.1739,0.4858,0.7783,0.3032,0.6617
./Data/5_fold-SET-5-train.csv,./Data/5_fold-SET-5-validate.csv,./resultados/5_fold-SET-5-1901-vecinos-resultados.csv,0,1901,,,,45732.3,0.567,0.9139,0.2681,1.0,0.6328,0.753,0.7838,0.6918,0.8174,0.8485,0.5727,0.734,0.9952,0.4171,0.4263,0.6649,0.1576,0.4764,0.7783,0.2979,0.6468
./Data/5_fold-SET-5-train.csv,./Data/5_fold-SET-5-validate.csv,./resultados/5_fold-SET-5-1951-vecinos-resultados.csv,0,1951,,,,46523.6,0.5665,0.9079,0.2664,1.0,0.6299,0.7545,0.8108,0.6993,0.8136,0.8462,0.5804,0.734,0.9952,0.4171,0.4211,0.6702,0.163,0.4717,0.7783,0.2926,0.6468
./Data/5_fold-SET-5-train.csv,./Data/5_fold-SET-5-validate.csv,./resultados/5_fold-SET-5-2001-vecinos-resultados.csv,0,2001,,,,47329.5,0.5585,0.9128,0.2624,1.0,0.616,0.75,0.7838,0.6901,0.8054,0.8413,0.5792,0.7234,0.9952,0.4028,0.4053,0.6702,0.1576,0.4623,0.7739,0.2819,0.6368
./Data/5_fold-SET-1-train.csv,./Data/5_fold-SET-1-validate.csv,./resultados/5_fold-SET-1-6-vecinos-resultados.csv,0,6,,,,289267.0,0.9282142857142858,0.9254,0.9215,0.9691,0.9524,0.9201,0.9016,0.9185,0.9225,0.952,0.9092,0.958,0.9586,0.8958,0.9265,0.9549,0.9209,0.9546,0.9522,0.8583,0.8885
./Data/5_fold-SET-1-train.csv,./Data/5_fold-SET-1-validate.csv,./resultados/5_fold-SET-1-11-vecinos-resultados.csv,0,11,,,,291388.0,0.923095238095238,0.9281,0.9104,0.9702,0.9547,0.9361,0.8945,0.9111,0.9105,0.9502,0.881,0.9523,0.9586,0.8896,0.8992,0.9463,0.9158,0.9558,0.95,0.8517,0.8969
./Data/5_fold-SET-1-train.csv,./Data/5_fold-SET-1-validate.csv,./resultados/5_fold-SET-1-16-vecinos-resultados.csv,0,16,,,,293340.0,0.9185714285714286,0.9207,0.8979,0.9685,0.9497,0.945,0.8925,0.9044,0.906,0.9426,0.8775,0.9489,0.9608,0.8784,0.8956,0.9427,0.907,0.9521,0.9422,0.8399,0.9017
./Data/5_fold-SET-1-train.csv,./Data/5_fold-SET-1-validate.csv,./resultados/5_fold-SET-1-21-vecinos-resultados.csv,0,21,,,,295768.0,0.9157142857142856,0.9163,0.8892,0.9669,0.9545,0.9411,0.8919,0.9001,0.8995,0.9462,0.8756,0.9444,0.9618,0.8697,0.8956,0.9354,0.9121,0.9509,0.9444,0.8307,0.8945
./Data/5_fold-SET-1-train.csv,./Data/5_fold-SET-1-validate.csv,./resultados/5_fold-SET-1-26-vecinos-resultados.csv,0,26,,,,296919.0,0.9147619047619048,0.9166,0.8835,0.9706,0.952,0.9433,0.8916,0.9019,0.9004,0.9393,0.8735,0.9478,0.965,0.861,0.8944,0.9329,0.9095,0.9472,0.9444,0.832,0.8945
./Data/5_fold-SET-1-train.csv,./Data/5_fold-SET-1-validate.csv,./resultados/5_fold-SET-1-31-vecinos-resultados.csv,0,31,,,,298544.0,0.9125,0.9141,0.8802,0.9719,0.9493,0.9419,0.8938,0.8924,0.9031,0.9346,0.8701,0.9421,0.9661,0.8573,0.8885,0.9293,0.9095,0.946,0.9422,0.8255,0.8993
./Data/5_fold-SET-1-train.csv,./Data/5_fold-SET-1-validate.csv,./resultados/5_fold-SET-1-36-vecinos-resultados.csv,0,36,,,,299431.0,0.911547619047619,0.9173,0.8761,0.9689,0.9505,0.942,0.8984,0.8934,0.9009,0.9326,0.8632,0.9444,0.9671,0.8511,0.8885,0.9305,0.9108,0.946,0.9389,0.8176,0.9005
./Data/5_fold-SET-1-train.csv,./Data/5_fold-SET-1-validate.csv,./resultados/5_fold-SET-1-41-vecinos-resultados.csv,0,41,,,,300639.0,0.91,0.9109,0.872,0.9661,0.9566,0.9416,0.8994,0.8935,0.8984,0.9353,0.858,0.9398,0.9682,0.8474,0.8885,0.9244,0.9095,0.9472,0.9333,0.8163,0.9053
./Data/5_fold-SET-1-train.csv,./Data/5_fold-SET-1-validate.csv,./resultados/5_fold-SET-1-46-vecinos-resultados.csv,0,46,,,,301791.0,0.9078571428571428,0.9058,0.8631,0.9672,0.9482,0.9439,0.9028,0.8877,0.8995,0.9367,0.8589,0.9387,0.9692,0.8412,0.8897,0.9232,0.8982,0.9411,0.9344,0.8163,0.9053
./Data/5_fold-SET-2-train.csv,./Data/5_fold-SET-2-validate.csv,./resultados/5_fold-SET-2-6-vecinos-resultados.csv,0,6,,,,289597.0,0.9310714285714284,0.9103,0.929,0.9585,0.9571,0.8973,0.9219,0.9459,0.9168,0.9658,0.917,0.9812,0.926,0.9096,0.9244,0.955,0.9351,0.9592,0.9583,0.8591,0.9067
./Data/5_fold-SET-2-train.csv,./Data/5_fold-SET-2-validate.csv,./resultados/5_fold-SET-2-11-vecinos-resultados.csv,0,11,,,,291704.0,0.9317857142857144,0.9147,0.926,0.9675,0.9616,0.9344,0.9139,0.9343,0.9055,0.9632,0.9073,0.9698,0.9391,0.898,0.9171,0.9526,0.9377,0.9627,0.9595,0.8591,0.9236
./Data/5_fold-SET-2-train.csv,./Data/5_fold-SET-2-validate.csv,./resultados/5_fold-SET-2-16-vecinos-resultados.csv,0,16,,,,292800.0,0.9285714285714286,0.9103,0.9168,0.9707,0.9665,0.939,0.909,0.9278,0.8943,0.9643,0.9025,0.9686,0.9478,0.8818,0.9146,0.9538,0.9338,0.9592,0.9583,0.853,0.9157
./Data/5_fold-SET-2-train.csv,./Data/5_fold-SET-2-validate.csv,./resultados/5_fold-SET-2-21-vecinos-resultados.csv,0,21,,,,295810.0,0.9273809523809524,0.9141,0.9162,0.973,0.9615,0.9435,0.9101,0.9236,0.8942,0.9586,0.8951,0.9623,0.9521,0.8783,0.9134,0.9538,0.9338,0.9592,0.9571,0.8433,0.9202
./Data/5_fold-SET-2-train.csv,./Data/5_fold-SET-2-validate.csv,./resultados/5_fold-SET-2-26-vecinos-resultados.csv,0,26,,,,298662.0,0.925595238095238,0.9095,0.9014,0.9766,0.9652,0.9514,0.9114,0.9147,0.8933,0.961,0.8934,0.9598,0.9554,0.8714,0.9122,0.9514,0.9351,0.951,0.9583,0.8384,0.9225
./Data/5_fold-SET-2-train.csv,./Data/5_fold-SET-2-validate.csv,./resultados/5_fold-SET-2-31-vecinos-resultados.csv,0,31,,,,298527.0,0.9236904761904762,0.9116,0.896,0.9765,0.9602,0.9524,0.9101,0.9155,0.8891,0.9649,0.8855,0.9585,0.9565,0.8667,0.9122,0.9478,0.9338,0.9487,0.9559,0.8348,0.9213
./Data/5_fold-SET-2-train.csv,./Data/5_fold-SET-2-validate.csv,./resultados/5_fold-SET-2-36-vecinos-resultados.csv,0,36,,,,300337.0,0.9221428571428572,0.9114,0.8928,0.9751,0.9599,0.9547,0.9089,0.9186,0.8838,0.9582,0.8832,0.956,0.9608,0.8633,0.9049,0.9478,0.9325,0.9487,0.9523,0.836,0.918
./Data/5_fold-SET-2-train.csv,./Data/5_fold-SET-2-validate.csv,./resultados/5_fold-SET-2-41-vecinos-resultados.csv,0,41,,,,301113.0,0.920595238095238,0.9103,0.8887,0.9749,0.9574,0.9569,0.9038,0.9134,0.8859,0.9608,0.8813,0.956,0.9641,0.854,0.9049,0.9453,0.9273,0.9475,0.9535,0.8335,0.918
./Data/5_fold-SET-2-train.csv,./Data/5_fold-SET-2-validate.csv,./resultados/5_fold-SET-2-46-vecinos-resultados.csv,0,46,,,,301836.0,0.9201190476190476,0.9079,0.8817,0.9774,0.9575,0.956,0.9037,0.9152,0.8862,0.9594,0.8848,0.9535,0.9652,0.8505,0.9061,0.9502,0.926,0.944,0.9559,0.8335,0.9146
./Data/5_fold-SET-3-train.csv,./Data/5_fold-SET-3-validate.csv,./resultados/5_fold-SET-3-6-vecinos-resultados.csv,0,6,,,,288588.0,0.9266666666666666,0.9327,0.9045,0.9557,0.9573,0.8997,0.915,0.9141,0.9356,0.9656,0.8966,0.9703,0.9469,0.9163,0.9085,0.961,0.9103,0.9574,0.9503,0.8331,0.9025
./Data/5_fold-SET-3-train.csv,./Data/5_fold-SET-3-validate.csv,./resultados/5_fold-SET-3-11-vecinos-resultados.csv,0,11,,,,291398.0,0.923809523809524,0.9397,0.8997,0.955,0.9652,0.9169,0.9107,0.8955,0.9322,0.9563,0.8774,0.9609,0.952,0.9009,0.9003,0.9403,0.9155,0.9586,0.947,0.8393,0.9144
./Data/5_fold-SET-3-train.csv,./Data/5_fold-SET-3-validate.csv,./resultados/5_fold-SET-3-16-vecinos-resultados.csv,0,16,,,,292973.0,0.9221428571428572,0.9331,0.8858,0.9593,0.9629,0.9296,0.9105,0.8922,0.9294,0.9501,0.8834,0.9597,0.9582,0.8903,0.9027,0.9488,0.9129,0.9465,0.9503,0.8232,0.9183
./Data/5_fold-SET-3-train.csv,./Data/5_fold-SET-3-validate.csv,./resultados/5_fold-SET-3-21-vecinos-resultados.csv,0,21,,,,295595.0,0.919404761904762,0.9277,0.8819,0.9602,0.9594,0.9292,0.91,0.8926,0.928,0.9484,0.8731,0.9585,0.9602,0.8809,0.9038,0.9428,0.9077,0.9501,0.9458,0.8171,0.9157
./Data/5_fold-SET-3-train.csv,./Data/5_fold-SET-3-validate.csv,./resultados/5_fold-SET-3-26-vecinos-resultados.csv,0,26,,,,296780.0,0.9178571428571428,0.9268,0.8774,0.965,0.9617,0.9278,0.9134,0.8899,0.9247,0.9466,0.8649,0.9609,0.9643,0.8774,0.9027,0.9391,0.9051,0.944,0.9424,0.8109,0.9196
./Data/5_fold-SET-3-train.csv,./Data/5_fold-SET-3-validate.csv,./resultados/5_fold-SET-3-31-vecinos-resultados.csv,0,31,,,,298147.0,0.9153571428571428,0.9213,0.8695,0.9659,0.9602,0.9331,0.9097,0.8867,0.9206,0.9452,0.8649,0.9585,0.9653,0.8691,0.8957,0.9342,0.9038,0.9428,0.9424,0.8096,0.9196
./Data/5_fold-SET-3-train.csv,./Data/5_fold-SET-3-validate.csv,./resultados/5_fold-SET-3-36-vecinos-resultados.csv,0,36,,,,299290.0,0.9132142857142858,0.9233,0.8618,0.9657,0.9578,0.935,0.9079,0.8803,0.9246,0.945,0.858,0.9561,0.9673,0.8644,0.8934,0.9294,0.8973,0.9392,0.9413,0.8072,0.9236
./Data/5_fold-SET-3-train.csv,./Data/5_fold-SET-3-validate.csv,./resultados/5_fold-SET-3-41-vecinos-resultados.csv,0,41,,,,300892.0,0.9125,0.9173,0.8612,0.9657,0.9602,0.9373,0.9079,0.8761,0.9287,0.9449,0.8544,0.9478,0.9684,0.8632,0.8946,0.9281,0.8973,0.938,0.9413,0.8059,0.9275
./Data/5_fold-SET-3-train.csv,./Data/5_fold-SET-3-validate.csv,./resultados/5_fold-SET-3-46-vecinos-resultados.csv,0,46,,,,301547.0,0.910595238095238,0.9151,0.8543,0.9641,0.9591,0.9386,0.9065,0.8744,0.9277,0.9417,0.8556,0.9466,0.9694,0.855,0.8957,0.9306,0.8947,0.9319,0.9413,0.7985,0.9289
./Data/5_fold-SET-4-train.csv,./Data/5_fold-SET-4-validate.csv,./resultados/5_fold-SET-4-6-vecinos-resultados.csv,0,6,,,,289609.0,0.9320238095238096,0.9213,0.9212,0.971,0.9539,0.9148,0.9062,0.917,0.9187,0.9638,0.938,0.9707,0.9377,0.8976,0.9443,0.9531,0.9062,0.9676,0.9638,0.8776,0.8989
./Data/5_fold-SET-4-train.csv,./Data/5_fold-SET-4-validate.csv,./resultados/5_fold-SET-4-11-vecinos-resultados.csv,0,11,,,,291675.0,0.9297619047619048,0.9165,0.9134,0.9733,0.9588,0.9299,0.9041,0.9063,0.9199,0.9635,0.9206,0.9634,0.9472,0.889,0.9332,0.9417,0.9102,0.964,0.9661,0.8694,0.9096
./Data/5_fold-SET-4-train.csv,./Data/5_fold-SET-4-validate.csv,./resultados/5_fold-SET-4-16-vecinos-resultados.csv,0,16,,,,293227.0,0.9277380952380953,0.9206,0.9065,0.977,0.9552,0.9478,0.8977,0.8971,0.9087,0.9597,0.9205,0.961,0.9525,0.8793,0.9265,0.943,0.9062,0.9628,0.965,0.8682,0.9084
./Data/5_fold-SET-4-train.csv,./Data/5_fold-SET-4-validate.csv,./resultados/5_fold-SET-4-21-vecinos-resultados.csv,0,21,,,,295442.0,0.925952380952381,0.9215,0.9005,0.9795,0.9521,0.9473,0.9043,0.8886,0.9107,0.9586,0.9127,0.9598,0.9556,0.872,0.9298,0.9341,0.8995,0.958,0.965,0.8718,0.9073
./Data/5_fold-SET-4-train.csv,./Data/5_fold-SET-4-validate.csv,./resultados/5_fold-SET-4-26-vecinos-resultados.csv,0,26,,,,296584.0,0.924047619047619,0.9183,0.896,0.982,0.954,0.951,0.8963,0.8934,0.9034,0.9557,0.9084,0.9598,0.9556,0.8671,0.9243,0.9354,0.9035,0.9556,0.9614,0.8635,0.9084
./Data/5_fold-SET-4-train.csv,./Data/5_fold-SET-4-validate.csv,./resultados/5_fold-SET-4-31-vecinos-resultados.csv,0,31,,,,297225.0,0.9215476190476192,0.9171,0.8903,0.9766,0.9572,0.9492,0.8991,0.8894,0.9051,0.9518,0.8989,0.9573,0.9599,0.8671,0.9209,0.924,0.8954,0.9556,0.9579,0.86,0.9096
./Data/5_fold-SET-4-train.csv,./Data/5_fold-SET-4-validate.csv,./resultados/5_fold-SET-4-36-vecinos-resultados.csv,0,36,,,,298299.0,0.9196428571428572,0.918,0.8844,0.9779,0.9517,0.9504,0.8991,0.8873,0.9012,0.9564,0.8929,0.9561,0.9609,0.8646,0.9209,0.9227,0.8954,0.9544,0.9591,0.8518,0.9025
./Data/5_fold-SET-4-train.csv,./Data/5_fold-SET-4-validate.csv,./resultados/5_fold-SET-4-41-vecinos-resultados.csv,0,41,,,,299630.0,0.919047619047619,0.9129,0.8824,0.9779,0.9538,0.9528,0.8997,0.8821,0.9051,0.9561,0.8924,0.9585,0.9662,0.8622,0.9198,0.9214,0.8901,0.952,0.9579,0.8459,0.9073
./Data/5_fold-SET-4-train.csv,./Data/5_fold-SET-4-validate.csv,./resultados/5_fold-SET-4-46-vecinos-resultados.csv,0,46,,,,300763.0,0.9160714285714284,0.9095,0.8762,0.979,0.9525,0.9565,0.8982,0.879,0.9019,0.9509,0.8852,0.9561,0.9641,0.8537,0.9154,0.9189,0.8874,0.9508,0.9556,0.8424,0.9073
./Data/5_fold-SET-5-train.csv,./Data/5_fold-SET-5-validate.csv,./resultados/5_fold-SET-5-6-vecinos-resultados.csv,0,6,,,,289297.0,0.9213095238095238,0.9187,0.9113,0.9465,0.9344,0.9078,0.8878,0.9319,0.922,0.9539,0.9009,0.9697,0.9408,0.9048,0.9061,0.9499,0.909,0.963,0.9511,0.8339,0.8843
./Data/5_fold-SET-5-train.csv,./Data/5_fold-SET-5-validate.csv,./resultados/5_fold-SET-5-11-vecinos-resultados.csv,0,11,,,,291372.0,0.924404761904762,0.9249,0.9111,0.9544,0.947,0.9349,0.8912,0.9126,0.9217,0.956,0.8941,0.9646,0.9508,0.8964,0.9061,0.9463,0.9174,0.9667,0.9467,0.8498,0.8993
./Data/5_fold-SET-5-train.csv,./Data/5_fold-SET-5-validate.csv,./resultados/5_fold-SET-5-16-vecinos-resultados.csv,0,16,,,,292801.0,0.9221428571428572,0.9071,0.9001,0.9528,0.9503,0.9393,0.8963,0.9091,0.9268,0.9583,0.8877,0.9621,0.9564,0.8893,0.9083,0.9451,0.9076,0.963,0.9489,0.8413,0.897
./Data/5_fold-SET-5-train.csv,./Data/5_fold-SET-5-validate.csv,./resultados/5_fold-SET-5-21-vecinos-resultados.csv,0,21,,,,295540.0,0.9154761904761904,0.9043,0.8927,0.9513,0.9422,0.9378,0.889,0.9022,0.9198,0.9526,0.8716,0.9545,0.9575,0.8845,0.8975,0.9389,0.8978,0.9568,0.9348,0.8339,0.8958
./Data/5_fold-SET-5-train.csv,./Data/5_fold-SET-5-validate.csv,./resultados/5_fold-SET-5-26-vecinos-resultados.csv,0,26,,,,296835.0,0.9152380952380952,0.9055,0.8828,0.9535,0.9434,0.9413,0.8947,0.8978,0.9229,0.9526,0.8698,0.9558,0.9598,0.8798,0.8986,0.9402,0.8922,0.9543,0.937,0.8339,0.897
./Data/5_fold-SET-5-train.csv,./Data/5_fold-SET-5-validate.csv,./resultados/5_fold-SET-5-31-vecinos-resultados.csv,0,31,,,,297588.0,0.914404761904762,0.9042,0.875,0.956,0.9465,0.9446,0.8947,0.8977,0.9218,0.951,0.8673,0.9533,0.962,0.8786,0.8975,0.9377,0.8922,0.9531,0.9359,0.8291,0.9005
./Data/5_fold-SET-5-train.csv,./Data/5_fold-SET-5-validate.csv,./resultados/5_fold-SET-5-36-vecinos-resultados.csv,0,36,,,,298367.0,0.9126190476190476,0.9033,0.8688,0.9582,0.9465,0.9505,0.8892,0.8998,0.9129,0.9518,0.8635,0.9558,0.962,0.8738,0.8964,0.9377,0.888,0.9531,0.9337,0.8205,0.9005
./Data/5_fold-SET-5-train.csv,./Data/5_fold-SET-5-validate.csv,./resultados/5_fold-SET-5-41-vecinos-resultados.csv,0,41,,,,299673.0,0.9084523809523808,0.9031,0.8579,0.958,0.9418,0.9432,0.8859,0.8964,0.9078,0.9515,0.8605,0.9533,0.9642,0.8679,0.891,0.9328,0.881,0.9506,0.9315,0.8144,0.8924
./Data/5_fold-SET-5-train.csv,./Data/5_fold-SET-5-validate.csv,./resultados/5_fold-SET-5-46-vecinos-resultados.csv,0,46,,,,301139.0,0.9076190476190475,0.901,0.8554,0.9567,0.9416,0.9467,0.8854,0.8953,0.9116,0.9526,0.8535,0.9533,0.9654,0.869,0.8867,0.9316,0.8768,0.9506,0.9304,0.8095,0.897
./Data/5_fold-SET-1-train.csv,./Data/5_fold-SET-1-validate.csv,./resultados/5_fold-SET-1-2-vecinos-resultados.csv,0,2,,,,288146.0,0.9173809523809524,0.9072,0.9244,0.9316,0.9047,0.8696,0.8777,0.9328,0.9247,0.9614,0.9583,0.9648,0.9597,0.9119,0.9229,0.9598,0.8832,0.9534,0.9556,0.8163,0.8261
./Data/5_fold-SET-1-train.csv,./Data/5_fold-SET-1-validate.csv,./resultados/5_fold-SET-1-3-vecinos-resultados.csv,0,3,,,,288658.0,0.9277380952380953,0.9272,0.9376,0.9595,0.9461,0.917,0.9027,0.9122,0.9322,0.945,0.9018,0.9546,0.9555,0.9107,0.9158,0.9427,0.9095,0.9693,0.9467,0.857,0.9029
./Data/5_fold-SET-1-train.csv,./Data/5_fold-SET-1-validate.csv,./resultados/5_fold-SET-1-4-vecinos-resultados.csv,0,4,,,,288793.0,0.9258333333333333,0.9179,0.9213,0.9593,0.9417,0.9067,0.8927,0.9249,0.9278,0.9573,0.9185,0.9648,0.9555,0.9069,0.9205,0.9598,0.9095,0.9521,0.9567,0.853,0.8645
./Data/5_fold-SET-1-train.csv,./Data/5_fold-SET-1-validate.csv,./resultados/5_fold-SET-1-5-vecinos-resultados.csv,0,5,,,,288936.0,0.9285714285714286,0.9312,0.927,0.9641,0.9499,0.9318,0.9067,0.9114,0.9202,0.9499,0.9014,0.9523,0.9565,0.9007,0.9217,0.95,0.9158,0.9595,0.9478,0.8701,0.8993
./Data/5_fold-SET-2-train.csv,./Data/5_fold-SET-2-validate.csv,./resultados/5_fold-SET-2-2-vecinos-resultados.csv,0,2,,,,288353.0,0.920952380952381,0.8953,0.9169,0.9373,0.9248,0.8567,0.9024,0.9548,0.9141,0.9757,0.9492,0.9887,0.9369,0.9177,0.9293,0.9587,0.913,0.9358,0.9642,0.8299,0.8404
./Data/5_fold-SET-2-train.csv,./Data/5_fold-SET-2-validate.csv,./resultados/5_fold-SET-2-3-vecinos-resultados.csv,0,3,,,,288099.0,0.9325,0.9175,0.9374,0.9542,0.9589,0.9114,0.9045,0.9409,0.9217,0.9673,0.9173,0.9774,0.9293,0.9166,0.911,0.9502,0.9351,0.9662,0.9547,0.8639,0.9225
./Data/5_fold-SET-2-train.csv,./Data/5_fold-SET-2-validate.csv,./resultados/5_fold-SET-2-4-vecinos-resultados.csv,0,4,,,,288376.0,0.9332142857142857,0.9149,0.9273,0.953,0.9497,0.909,0.9093,0.959,0.9184,0.9763,0.9237,0.9862,0.9304,0.9166,0.922,0.9587,0.9377,0.9557,0.9654,0.8518,0.9112
./Data/5_fold-SET-2-train.csv,./Data/5_fold-SET-2-validate.csv,./resultados/5_fold-SET-2-5-vecinos-resultados.csv,0,5,,,,288629.0,0.9338095238095238,0.921,0.932,0.9624,0.9579,0.9254,0.9101,0.9462,0.916,0.9596,0.9134,0.9812,0.9249,0.9189,0.9159,0.9502,0.9338,0.9638,0.9619,0.8651,0.9247
./Data/5_fold-SET-3-train.csv,./Data/5_fold-SET-3-validate.csv,./resultados/5_fold-SET-3-2-vecinos-resultados.csv,0,2,,,,288207.0,0.9169047619047619,0.9058,0.9122,0.9344,0.9108,0.867,0.8938,0.9227,0.9229,0.9784,0.9449,0.981,0.9541,0.9233,0.9224,0.9683,0.8869,0.944,0.9458,0.7849,0.8366
./Data/5_fold-SET-3-train.csv,./Data/5_fold-SET-3-validate.csv,./resultados/5_fold-SET-3-3-vecinos-resultados.csv,0,3,,,,287987.0,0.9283333333333333,0.9265,0.929,0.9444,0.9466,0.9137,0.915,0.9149,0.9303,0.9633,0.9028,0.9715,0.948,0.921,0.9038,0.9537,0.9103,0.9684,0.9492,0.843,0.9051
./Data/5_fold-SET-3-train.csv,./Data/5_fold-SET-3-validate.csv,./resultados/5_fold-SET-3-4-vecinos-resultados.csv,0,4,,,,287957.0,0.9261904761904762,0.9319,0.9087,0.9498,0.9469,0.8957,0.9214,0.9225,0.9305,0.9618,0.9008,0.9739,0.9449,0.9139,0.9096,0.9622,0.9142,0.9562,0.9515,0.8393,0.8854
./Data/5_fold-SET-3-train.csv,./Data/5_fold-SET-3-validate.csv,./resultados/5_fold-SET-3-5-vecinos-resultados.csv,0,5,,,,288422.0,0.9282142857142858,0.9369,0.9125,0.9545,0.9606,0.9123,0.9179,0.9135,0.9294,0.9635,0.8883,0.968,0.9469,0.9151,0.905,0.9501,0.9155,0.9635,0.9503,0.848,0.9117
./Data/5_fold-SET-4-train.csv,./Data/5_fold-SET-4-validate.csv,./resultados/5_fold-SET-4-2-vecinos-resultados.csv,0,2,,,,288486.0,0.9175,0.8935,0.9201,0.9314,0.9103,0.8599,0.8735,0.9357,0.9258,0.9682,0.9711,0.9817,0.9366,0.911,0.9376,0.9645,0.87,0.9436,0.9626,0.8247,0.8383
./Data/5_fold-SET-4-train.csv,./Data/5_fold-SET-4-validate.csv,./resultados/5_fold-SET-4-3-vecinos-resultados.csv,0,3,,,,290739.0,0.9314285714285714,0.9106,0.9346,0.9564,0.9512,0.9106,0.9108,0.9152,0.9384,0.9587,0.9287,0.9683,0.9356,0.9085,0.9332,0.943,0.9035,0.9712,0.9614,0.8729,0.9144
./Data/5_fold-SET-4-train.csv,./Data/5_fold-SET-4-validate.csv,./resultados/5_fold-SET-4-4-vecinos-resultados.csv,0,4,,,,291093.0,0.9295238095238095,0.9077,0.924,0.9659,0.9464,0.9031,0.8945,0.9196,0.9273,0.9685,0.9431,0.972,0.9366,0.8988,0.9432,0.9569,0.8981,0.9616,0.9685,0.8694,0.887
./Data/5_fold-SET-4-train.csv,./Data/5_fold-SET-4-validate.csv,./resultados/5_fold-SET-4-5-vecinos-resultados.csv,0,5,,,,291384.0,0.9325,0.9168,0.9257,0.9724,0.9506,0.926,0.9055,0.9121,0.9208,0.9637,0.9368,0.9671,0.9335,0.9024,0.9421,0.9518,0.8995,0.9712,0.9638,0.8741,0.9168
./Data/5_fold-SET-5-train.csv,./Data/5_fold-SET-5-validate.csv,./resultados/5_fold-SET-5-2-vecinos-resultados.csv,0,2,,,,287944.0,0.9096428571428572,0.8993,0.9193,0.9176,0.8997,0.8502,0.8489,0.9412,0.9221,0.9758,0.9389,0.9811,0.9419,0.9274,0.9094,0.956,0.8894,0.9494,0.9522,0.7875,0.7998
./Data/5_fold-SET-5-train.csv,./Data/5_fold-SET-5-validate.csv,./resultados/5_fold-SET-5-3-vecinos-resultados.csv,0,3,,,,287863.0,0.9252380952380952,0.9176,0.9317,0.9496,0.9348,0.9142,0.8869,0.9281,0.9262,0.9505,0.9111,0.9697,0.9453,0.919,0.8964,0.9499,0.9118,0.9716,0.9543,0.8449,0.89
./Data/5_fold-SET-5-train.csv,./Data/5_fold-SET-5-validate.csv,./resultados/5_fold-SET-5-4-vecinos-resultados.csv,0,4,,,,288110.0,0.9226190476190477,0.9191,0.9201,0.9502,0.9362,0.8952,0.893,0.9298,0.9195,0.9526,0.9127,0.976,0.9397,0.9095,0.9029,0.9597,0.9118,0.9654,0.9565,0.8339,0.8715
./Data/5_fold-SET-5-train.csv,./Data/5_fold-SET-5-validate.csv,./resultados/5_fold-SET-5-5-vecinos-resultados.csv,0,5,,,,288400.0,0.9252380952380952,0.924,0.9223,0.954,0.9425,0.9099,0.8915,0.9267,0.924,0.9562,0.9025,0.9672,0.9419,0.9131,0.9018,0.9499,0.9202,0.9679,0.9511,0.8523,0.8889
